{"metadata":{"asset_id":"7fcdbbe1-f799-4cda-8ed6-13ba2159528e","asset_attributes":["data_asset"],"name":"bank.csv","asset_type":"data_asset","created_at":"2023-08-17T22:21:03Z","description":"Asset created for sample AutoAI experiment","origin_country":"us","owner_id":"IBMid-665003718Y","project_id":"5aaadc9f-98f6-48b1-ba40-2c42ad6a4504","size":461474,"tags":["autoai-bank-marketing-data"],"usage":{"last_update_time":1692310864796,"last_updated_at":"2023-08-17T22:21:04Z"}},"entity":{"data_asset":{"mime_type":"text/csv","dataset":false},"location_definition":{"physical_location_code":"DAL","physical_location_code_assigned_by":"IBMid-663003P0BO","physical_location_code_rds_id":"c57cb90f-2126-3800-9c9f-9eab82021cdf","physical_location_code_rds_version":"00002022-0909-4162-8547-170904000000_2","physical_location_code_assignment_method":"INFERRED","physical_location_code_added_on":"1690568408816"}},"attachments":[{"id":"a20f0df2-fde8-46ab-9a23-b25541d5c5e6","version":2,"asset_type":"data_asset","name":"wml_samples_autoai-bank-marketing-data_bank.csv","description":"wml_samples_autoai-bank-marketing-data_bank.csv attachment for data_asset asset 7fcdbbe1-f799-4cda-8ed6-13ba2159528e","mime":"text/csv","datasource_type":"193a97c1-4475-4a19-b90c-295c4fdc6517","object_key":"wml_samples_autoai-bank-marketing-data_bank.csv","creator_id":"IBMid-665003718Y","create_time":1692310864795,"size":461474,"is_remote":false,"is_managed":false,"is_referenced":true,"is_object_key_read_only":false,"is_user_provided_path_key":true,"transfer_complete":true,"is_partitioned":false,"complete_time_ticks":1692310864795,"user_data":{},"test_doc":0,"handle":{"bucket":"watsonxaifundamentals-donotdelete-pr-lsrsglkyrlpqqd","location":"us-south","type":"bluemix_cos","key":"wml_samples_autoai-bank-marketing-data_bank.csv","upload_id":"done","max_part_num":1},"usage":{"access_count":0,"last_accessor_id":"IBMid-665003718Y","last_access_time":1692310864795}}]}
