{"metadata":{"asset_id":"320ad360-0866-4d5e-aa1c-e43502a79fd0","asset_attributes":["data_asset"],"name":"questions-rich.csv","asset_type":"data_asset","created_at":"2023-08-11T21:49:26Z","origin_country":"us","owner_id":"7e927a86-1051-47e6-8a2f-b45a439b9828","project_id":"5aaadc9f-98f6-48b1-ba40-2c42ad6a4504","size":129816,"usage":{"last_update_time":1691792964390,"last_updated_at":"2023-08-11T22:29:24Z"}},"entity":{"data_asset":{"mime_type":"text/csv","dataset":false},"location_definition":{"physical_location_code":"DAL","physical_location_code_assigned_by":"IBMid-663003P0BO","physical_location_code_rds_id":"c57cb90f-2126-3800-9c9f-9eab82021cdf","physical_location_code_rds_version":"00002022-0909-4162-8547-170904000000_2","physical_location_code_assignment_method":"INFERRED","physical_location_code_added_on":"1690568408816"}},"attachments":[{"id":"8fe67ecf-a802-4733-8a8e-dfa5fffa153f","version":2,"asset_type":"data_asset","name":"questions-rich.csv","mime":"text/csv","datasource_type":"193a97c1-4475-4a19-b90c-295c4fdc6517","object_key":"questions-rich.csv","creator_id":"7e927a86-1051-47e6-8a2f-b45a439b9828","create_time":1691790566642,"size":129816,"is_remote":false,"is_managed":false,"is_referenced":true,"is_object_key_read_only":true,"is_user_provided_path_key":true,"transfer_complete":true,"is_partitioned":false,"complete_time_ticks":1691790566642,"user_data":{},"test_doc":0,"handle":{"bucket":"watsonxaifundamentals-donotdelete-pr-lsrsglkyrlpqqd","location":"us-south","type":"bluemix_cos","key":"questions-rich.csv","upload_id":"done","max_part_num":1},"usage":{"access_count":1,"last_accessor_id":"7e927a86-1051-47e6-8a2f-b45a439b9828","last_access_time":1691792964387,"last_updater_id":"7e927a86-1051-47e6-8a2f-b45a439b9828","last_update_time":1691792964387}}]}
