{"metadata":{"asset_id":"20f0ee7c-5fd8-41d6-a696-2eee77f90472","asset_attributes":["data_asset"],"name":"passages.tsv","asset_type":"data_asset","created_at":"2023-08-11T00:47:44Z","origin_country":"us","owner_id":"IBMid-663003P0BO","project_id":"5aaadc9f-98f6-48b1-ba40-2c42ad6a4504","size":5282850,"usage":{"last_update_time":1691714864275,"last_updated_at":"2023-08-11T00:47:44Z"}},"entity":{"data_asset":{"mime_type":"text/tab-separated-values","dataset":false},"location_definition":{"physical_location_code_assignment_method":"INFERRED","physical_location_code":"DAL","physical_location_code_assigned_by":"IBMid-663003P0BO","physical_location_code_added_on":"1690568408816","physical_location_code_rds_version":"00002022-0909-4162-8547-170904000000_2","physical_location_code_rds_id":"c57cb90f-2126-3800-9c9f-9eab82021cdf"}},"attachments":[{"id":"e36f61b2-521f-4a47-8f16-19565b760de2","version":2,"asset_type":"data_asset","name":"passages.tsv","mime":"text/tab-separated-values","datasource_type":"193a97c1-4475-4a19-b90c-295c4fdc6517","object_key":"passages.tsv","creator_id":"IBMid-663003P0BO","create_time":1691714864952,"size":5282850,"is_remote":false,"is_managed":false,"is_referenced":true,"is_object_key_read_only":true,"is_user_provided_path_key":true,"transfer_complete":true,"is_partitioned":false,"complete_time_ticks":1691714864952,"user_data":{},"test_doc":0,"handle":{"bucket":"watsonxaifundamentals-donotdelete-pr-lsrsglkyrlpqqd","location":"us-south","type":"bluemix_cos","key":"passages.tsv","upload_id":"done","max_part_num":1},"usage":{"access_count":0,"last_accessor_id":"IBMid-663003P0BO","last_access_time":1691714864952}}]}
