{"metadata":{"asset_id":"6a4370a4-4213-4813-841a-c44fab5cf20e","asset_attributes":["data_flow"],"name":"test visualisation","asset_type":"data_flow","created_at":"2023-08-17T22:26:10Z","description":"","origin_country":"us","owner_id":"IBMid-665003718Y","project_id":"5aaadc9f-98f6-48b1-ba40-2c42ad6a4504","size":2682,"usage":{"last_update_time":1692311171344,"last_updated_at":"2023-08-17T22:26:11Z"}},"entity":{"data_flow":{"_entity_only":false},"location_definition":{"physical_location_code":"DAL","physical_location_code_assigned_by":"IBMid-663003P0BO","physical_location_code_rds_id":"c57cb90f-2126-3800-9c9f-9eab82021cdf","physical_location_code_rds_version":"00002022-0909-4162-8547-170904000000_2","physical_location_code_assignment_method":"INFERRED","physical_location_code_added_on":"1690568408816"}},"attachments":[{"id":"df1c8d43-7657-4a74-be12-6f9ebe97831f","version":2,"asset_type":"data_flow","name":"data_flow","description":"","mime":"application/json","datasource_type":"193a97c1-4475-4a19-b90c-295c4fdc6517","object_key":"data_flow/test visualisation","creator_id":"IBMid-665003718Y","create_time":1692311171341,"size":2682,"is_remote":false,"is_managed":false,"is_referenced":true,"is_object_key_read_only":false,"is_user_provided_path_key":true,"transfer_complete":true,"is_partitioned":false,"complete_time_ticks":1692311171341,"user_data":{},"test_doc":0,"handle":{"bucket":"watsonxaifundamentals-donotdelete-pr-lsrsglkyrlpqqd","location":"us-south","type":"bluemix_cos","key":"data_flow/test visualisation","upload_id":"done","max_part_num":1},"usage":{"access_count":0,"last_accessor_id":"IBMid-665003718Y","last_access_time":1692311171341}}]}
