{"metadata":{"asset_id":"ec2f56f6-18ca-4c06-baa8-dea3183848ac","asset_attributes":["data_asset"],"name":"questions.csv","asset_type":"data_asset","created_at":"2023-08-11T00:48:00Z","origin_country":"us","owner_id":"IBMid-663003P0BO","project_id":"5aaadc9f-98f6-48b1-ba40-2c42ad6a4504","size":131723,"usage":{"last_update_time":1691715203932,"last_updated_at":"2023-08-11T00:53:23Z"}},"entity":{"data_asset":{"mime_type":"text/csv","dataset":false},"location_definition":{"physical_location_code_assignment_method":"INFERRED","physical_location_code":"DAL","physical_location_code_assigned_by":"IBMid-663003P0BO","physical_location_code_added_on":"1690568408816","physical_location_code_rds_version":"00002022-0909-4162-8547-170904000000_2","physical_location_code_rds_id":"c57cb90f-2126-3800-9c9f-9eab82021cdf"}},"attachments":[{"id":"0898221c-8be7-4099-acb3-eb7476719603","version":2,"asset_type":"data_asset","name":"questions.csv","mime":"text/csv","datasource_type":"193a97c1-4475-4a19-b90c-295c4fdc6517","object_key":"questions.csv","creator_id":"IBMid-663003P0BO","create_time":1691714880455,"size":131723,"is_remote":false,"is_managed":false,"is_referenced":true,"is_object_key_read_only":true,"is_user_provided_path_key":true,"transfer_complete":true,"is_partitioned":false,"complete_time_ticks":1691714880455,"user_data":{},"test_doc":0,"handle":{"bucket":"watsonxaifundamentals-donotdelete-pr-lsrsglkyrlpqqd","location":"us-south","type":"bluemix_cos","key":"questions.csv","upload_id":"done","max_part_num":1},"usage":{"access_count":1,"last_accessor_id":"IBMid-663003P0BO","last_access_time":1691715203928,"last_updater_id":"IBMid-663003P0BO","last_update_time":1691715203928}}]}
