{"metadata":{"asset_id":"527ad0be-aa5b-4f8b-aa5e-9f7bda04fb89","asset_attributes":["data_asset"],"name":"output.csv","asset_type":"data_asset","created_at":"2023-08-11T00:55:09Z","origin_country":"us","owner_id":"IBMid-663003P0BO","project_id":"5aaadc9f-98f6-48b1-ba40-2c42ad6a4504","size":37922810,"usage":{"last_update_time":1691715309545,"last_updated_at":"2023-08-11T00:55:09Z"}},"entity":{"data_asset":{"mime_type":"text/csv","dataset":false},"location_definition":{"physical_location_code_assignment_method":"INFERRED","physical_location_code":"DAL","physical_location_code_assigned_by":"IBMid-663003P0BO","physical_location_code_added_on":"1690568408816","physical_location_code_rds_version":"00002022-0909-4162-8547-170904000000_2","physical_location_code_rds_id":"c57cb90f-2126-3800-9c9f-9eab82021cdf"}},"attachments":[{"id":"8ed5261c-dc23-4456-8c23-12bd0975dc3f","version":2,"asset_type":"data_asset","name":"output.csv","mime":"text/csv","datasource_type":"193a97c1-4475-4a19-b90c-295c4fdc6517","object_key":"output.csv","creator_id":"IBMid-663003P0BO","create_time":1691715309805,"size":37922810,"is_remote":false,"is_managed":false,"is_referenced":true,"is_object_key_read_only":true,"is_user_provided_path_key":true,"transfer_complete":true,"is_partitioned":false,"complete_time_ticks":1691715309805,"user_data":{},"test_doc":0,"handle":{"bucket":"watsonxaifundamentals-donotdelete-pr-lsrsglkyrlpqqd","location":"us-south","type":"bluemix_cos","key":"output.csv","upload_id":"done","max_part_num":1},"usage":{"access_count":0,"last_accessor_id":"IBMid-663003P0BO","last_access_time":1691715309805}}]}
