{"metadata":{"asset_id":"e170a86e-20e7-4643-8fcf-cb462bc08418","asset_attributes":["data_asset","data_profile_uda"],"name":"requirements_venv.txt","asset_type":"data_asset","created_at":"2023-07-28T19:05:28Z","origin_country":"us","owner_id":"IBMid-663003P0BO","project_id":"5aaadc9f-98f6-48b1-ba40-2c42ad6a4504","size":503,"usage":{"last_update_time":1690571170407,"last_updated_at":"2023-07-28T19:06:10Z"}},"entity":{"data_asset":{"mime_type":"text/plain","dataset":false},"location_definition":{"physical_location_code_assignment_method":"INFERRED","physical_location_code":"DAL","physical_location_code_assigned_by":"IBMid-663003P0BO","physical_location_code_added_on":"1690568408816","physical_location_code_rds_version":"00002022-0909-4162-8547-170904000000_2","physical_location_code_rds_id":"c57cb90f-2126-3800-9c9f-9eab82021cdf"},"data_profile_uda":{"status":"completed"}},"attachments":[{"id":"67ec611d-d119-4758-81cd-b41514738de6","version":2,"asset_type":"data_asset","name":"requirements_venv.txt","mime":"text/plain","datasource_type":"193a97c1-4475-4a19-b90c-295c4fdc6517","object_key":"requirements_venv.txt","creator_id":"IBMid-663003P0BO","create_time":1690571129515,"size":252,"is_remote":false,"is_managed":false,"is_referenced":true,"is_object_key_read_only":true,"is_user_provided_path_key":true,"transfer_complete":true,"is_partitioned":false,"complete_time_ticks":1690571129515,"user_data":{},"test_doc":0,"handle":{"bucket":"watsonxaifundamentals-donotdelete-pr-lsrsglkyrlpqqd","location":"us-south","type":"bluemix_cos","key":"requirements_venv.txt","upload_id":"done","max_part_num":1},"usage":{"access_count":0,"last_accessor_id":"IBMid-663003P0BO","last_access_time":1690571129515}},{"id":"494af2ae-af2c-4f32-baff-7a9ca7120e33","version":2,"asset_type":"data_profile_uda","name":"uda_e170a86e-20e7-4643-8fcf-cb462bc08418.json","mime":"application/json","datasource_type":"193a97c1-4475-4a19-b90c-295c4fdc6517","object_key":"data_profile_uda/2023-07-28-19_06_07-uda_e170a86e-20e7-4643-8fcf-cb462bc08418.json","creator_id":"iam-ServiceId-5d9bb1d6-b10e-410d-a535-ad6b78e9773b","create_time":1690571170295,"size":251,"is_remote":false,"is_managed":false,"is_referenced":true,"is_object_key_read_only":false,"is_user_provided_path_key":true,"transfer_complete":true,"is_partitioned":false,"complete_time_ticks":1690571170295,"user_data":{},"test_doc":0,"handle":{"bucket":"watsonxaifundamentals-donotdelete-pr-lsrsglkyrlpqqd","location":"us-south","type":"bluemix_cos","key":"data_profile_uda/2023-07-28-19_06_07-uda_e170a86e-20e7-4643-8fcf-cb462bc08418.json","upload_id":"done","max_part_num":1},"usage":{"access_count":0,"last_accessor_id":"iam-ServiceId-5d9bb1d6-b10e-410d-a535-ad6b78e9773b","last_access_time":1690571170295}}]}
