{"metadata":{"asset_id":"a0c7e469-6052-410d-a5f5-cbc8546107d6","asset_attributes":["notebook"],"name":"rag-chromadb-flan-GA_WX_UI-2 copy","asset_type":"notebook","created_at":"2023-08-14T17:35:37Z","description":"","origin_country":"us","owner_id":"IBMid-663003P0BO","project_id":"5aaadc9f-98f6-48b1-ba40-2c42ad6a4504","size":98389,"tags":["notebook"],"usage":{"last_update_time":1692167647021,"last_updated_at":"2023-08-16T06:34:07Z"}},"entity":{"notebook":{"kernel":{"name":"python3","display_name":"Python 3.10","language":"python"},"originates_from":{"type":"notebook","guid":"022416f0-c32f-4543-b080-0f494965b0b9"},"runtime":{"environment":"rt222pys1-5aaadc9f-98f6-48b1-ba40-2c42ad6a4504"}},"location_definition":{"physical_location_code":"DAL","physical_location_code_assigned_by":"IBMid-663003P0BO","physical_location_code_rds_id":"c57cb90f-2126-3800-9c9f-9eab82021cdf","physical_location_code_rds_version":"00002022-0909-4162-8547-170904000000_2","physical_location_code_assignment_method":"INFERRED","physical_location_code_added_on":"1690568408816"}},"attachments":[{"id":"a7463cc9-a965-4d41-837b-c5ac51ccabc1","version":2,"asset_type":"notebook","name":"attachment for notebook a0c7e469-6052-410d-a5f5-cbc8546107d6","description":"attachment for notebook a0c7e469-6052-410d-a5f5-cbc8546107d6","mime":"application/json","datasource_type":"193a97c1-4475-4a19-b90c-295c4fdc6517","object_key":"notebook/rag-chromadb-flan-GA_WX_UI-2_copy_a1TbzhNgf.ipynb","creator_id":"IBMid-663003P0BO","create_time":1692034539242,"size":98389,"is_remote":false,"is_managed":false,"is_referenced":true,"is_object_key_read_only":false,"is_user_provided_path_key":true,"transfer_complete":true,"is_partitioned":false,"complete_time_ticks":1692034539242,"user_data":{},"test_doc":0,"handle":{"bucket":"watsonxaifundamentals-donotdelete-pr-lsrsglkyrlpqqd","location":"us-south","type":"bluemix_cos","key":"notebook/rag-chromadb-flan-GA_WX_UI-2_copy_a1TbzhNgf.ipynb","upload_id":"done","max_part_num":1},"usage":{"access_count":2,"last_accessor_id":"IBMid-550000QKD5","last_access_time":1692167647020,"last_updater_id":"IBMid-550000QKD5","last_update_time":1692167647020}}]}
