{"metadata":{"asset_id":"a0e9c953-5957-42bd-bf51-2ba87dac926d","asset_attributes":["notebook"],"name":"06_fully_tested_latest_rag_ga copy","asset_type":"notebook","created_at":"2023-08-11T19:48:39Z","description":"","origin_country":"us","owner_id":"IBMid-5500059VKT","project_id":"5aaadc9f-98f6-48b1-ba40-2c42ad6a4504","size":70618,"tags":["notebook"],"usage":{"last_update_time":1692288530780,"last_updated_at":"2023-08-17T16:08:50Z"}},"entity":{"notebook":{"kernel":{"name":"python3","display_name":"Python 3.10","language":"python"},"originates_from":{"type":"notebook","guid":"e05a6925-0c96-4c7d-88ce-c93e9f23c330"},"runtime":{"environment":"rt222pys1-5aaadc9f-98f6-48b1-ba40-2c42ad6a4504"}},"location_definition":{"physical_location_code":"DAL","physical_location_code_assigned_by":"IBMid-663003P0BO","physical_location_code_rds_id":"c57cb90f-2126-3800-9c9f-9eab82021cdf","physical_location_code_rds_version":"00002022-0909-4162-8547-170904000000_2","physical_location_code_assignment_method":"INFERRED","physical_location_code_added_on":"1690568408816"}},"attachments":[{"id":"ddd5ee5b-6ae9-48cb-b07d-1c8f3ee2031f","version":2,"asset_type":"notebook","name":"attachment for notebook a0e9c953-5957-42bd-bf51-2ba87dac926d","description":"attachment for notebook a0e9c953-5957-42bd-bf51-2ba87dac926d","mime":"application/json","datasource_type":"193a97c1-4475-4a19-b90c-295c4fdc6517","object_key":"notebook/06_fully_tested_latest_rag_ga_copy_hCHhcmq-8.ipynb","creator_id":"IBMid-5500059VKT","create_time":1691783320252,"size":70618,"is_remote":false,"is_managed":false,"is_referenced":true,"is_object_key_read_only":false,"is_user_provided_path_key":true,"transfer_complete":true,"is_partitioned":false,"complete_time_ticks":1691783320252,"user_data":{},"test_doc":0,"handle":{"bucket":"watsonxaifundamentals-donotdelete-pr-lsrsglkyrlpqqd","location":"us-south","type":"bluemix_cos","key":"notebook/06_fully_tested_latest_rag_ga_copy_hCHhcmq-8.ipynb","upload_id":"done","max_part_num":1},"usage":{"access_count":59,"last_accessor_id":"IBMid-663003P0BO","last_access_time":1692288530776,"last_updater_id":"IBMid-663003P0BO","last_update_time":1692288530776}}]}
