{"metadata":{"asset_id":"3d250ca9-0227-4165-abd8-72b6ad7c48e5","asset_attributes":["notebook"],"name":"Text Extraction","asset_type":"notebook","created_at":"2023-08-11T20:12:12Z","description":"","origin_country":"us","owner_id":"IBMid-550000QKD5","project_id":"5aaadc9f-98f6-48b1-ba40-2c42ad6a4504","size":7438,"tags":["notebook"],"usage":{"last_update_time":1691784732602,"last_updated_at":"2023-08-11T20:12:12Z"}},"entity":{"notebook":{"originates_from":{"type":"blank"},"runtime":{"environment":"rt222pys1-5aaadc9f-98f6-48b1-ba40-2c42ad6a4504"}},"location_definition":{"physical_location_code":"DAL","physical_location_code_assigned_by":"IBMid-663003P0BO","physical_location_code_rds_id":"c57cb90f-2126-3800-9c9f-9eab82021cdf","physical_location_code_rds_version":"00002022-0909-4162-8547-170904000000_2","physical_location_code_assignment_method":"INFERRED","physical_location_code_added_on":"1690568408816"}},"attachments":[{"id":"dc95f7cb-7737-48a1-8310-326a7b127ffd","version":2,"asset_type":"notebook","name":"attachment for notebook 3d250ca9-0227-4165-abd8-72b6ad7c48e5","description":"attachment for notebook 3d250ca9-0227-4165-abd8-72b6ad7c48e5","mime":"application/json","datasource_type":"193a97c1-4475-4a19-b90c-295c4fdc6517","object_key":"notebook/TextExtraction-wxnotebook__da__njyn5a3cts.ipynb","creator_id":"IBMid-550000QKD5","create_time":1691784732601,"size":7438,"is_remote":false,"is_managed":false,"is_referenced":true,"is_object_key_read_only":false,"is_user_provided_path_key":true,"transfer_complete":true,"is_partitioned":false,"complete_time_ticks":1691784732601,"user_data":{},"test_doc":0,"handle":{"bucket":"watsonxaifundamentals-donotdelete-pr-lsrsglkyrlpqqd","location":"us-south","type":"bluemix_cos","key":"notebook/TextExtraction-wxnotebook__da__njyn5a3cts.ipynb","upload_id":"done","max_part_num":1},"usage":{"access_count":0,"last_accessor_id":"IBMid-550000QKD5","last_access_time":1691784732601}}]}
