{"metadata":{"asset_id":"306522cd-e29a-440c-91b6-8dab1d0ff0d2","asset_attributes":["notebook"],"name":"Summary","asset_type":"notebook","created_at":"2023-08-11T20:11:34Z","description":"","origin_country":"us","owner_id":"IBMid-550000QKD5","project_id":"5aaadc9f-98f6-48b1-ba40-2c42ad6a4504","size":8961,"tags":["notebook"],"usage":{"last_update_time":1692302177519,"last_updated_at":"2023-08-17T19:56:17Z"}},"entity":{"notebook":{"originates_from":{"type":"blank"},"kernel":{"name":"python3","display_name":"Python 3.10","language":"python"},"runtime":{"environment":"rt222pys1-5aaadc9f-98f6-48b1-ba40-2c42ad6a4504"}},"location_definition":{"physical_location_code":"DAL","physical_location_code_assigned_by":"IBMid-663003P0BO","physical_location_code_rds_id":"c57cb90f-2126-3800-9c9f-9eab82021cdf","physical_location_code_rds_version":"00002022-0909-4162-8547-170904000000_2","physical_location_code_assignment_method":"INFERRED","physical_location_code_added_on":"1690568408816"}},"attachments":[{"id":"e13cfe3e-8870-4329-b836-f4923d28a77e","version":2,"asset_type":"notebook","name":"attachment for notebook 306522cd-e29a-440c-91b6-8dab1d0ff0d2","description":"attachment for notebook 306522cd-e29a-440c-91b6-8dab1d0ff0d2","mime":"application/json","datasource_type":"193a97c1-4475-4a19-b90c-295c4fdc6517","object_key":"notebook/Summary-wxnotebook__da__0yv8j98e73.ipynb","creator_id":"IBMid-550000QKD5","create_time":1691784694549,"size":8961,"is_remote":false,"is_managed":false,"is_referenced":true,"is_object_key_read_only":false,"is_user_provided_path_key":true,"transfer_complete":true,"is_partitioned":false,"complete_time_ticks":1691784694549,"user_data":{},"test_doc":0,"handle":{"bucket":"watsonxaifundamentals-donotdelete-pr-lsrsglkyrlpqqd","location":"us-south","type":"bluemix_cos","key":"notebook/Summary-wxnotebook__da__0yv8j98e73.ipynb","upload_id":"done","max_part_num":1},"usage":{"access_count":1,"last_accessor_id":"IBMid-663003P0BO","last_access_time":1692302177517,"last_updater_id":"IBMid-663003P0BO","last_update_time":1692302177517}}]}
