{"metadata":{"asset_id":"5d1877cd-8ddb-46fd-bfbc-6ac3e94e3186","asset_attributes":["notebook"],"name":"environment-test","asset_type":"notebook","created_at":"2023-07-28T19:25:56Z","description":"","origin_country":"us","owner_id":"IBMid-663003P0BO","project_id":"5aaadc9f-98f6-48b1-ba40-2c42ad6a4504","size":18476,"tags":["notebook"],"usage":{"last_update_time":1690830961478,"last_updated_at":"2023-07-31T19:16:01Z"}},"entity":{"notebook":{"kernel":{"name":"python3","display_name":"Python 3.10","language":"python"},"originates_from":{"type":"file"},"runtime":{"environment":"rt222pys2-5aaadc9f-98f6-48b1-ba40-2c42ad6a4504"}},"location_definition":{"physical_location_code":"DAL","physical_location_code_assigned_by":"IBMid-663003P0BO","physical_location_code_rds_id":"c57cb90f-2126-3800-9c9f-9eab82021cdf","physical_location_code_rds_version":"00002022-0909-4162-8547-170904000000_2","physical_location_code_assignment_method":"INFERRED","physical_location_code_added_on":"1690568408816"}},"attachments":[{"id":"21dba1f0-b9f8-4e80-9114-03551eca7042","version":2,"asset_type":"notebook","name":"attachment for notebook 5d1877cd-8ddb-46fd-bfbc-6ac3e94e3186","description":"attachment for notebook 5d1877cd-8ddb-46fd-bfbc-6ac3e94e3186","mime":"application/json","datasource_type":"193a97c1-4475-4a19-b90c-295c4fdc6517","object_key":"notebook/environment-test_2iqXN6FNd.ipynb","creator_id":"IBMid-663003P0BO","create_time":1690572358064,"size":18476,"is_remote":false,"is_managed":false,"is_referenced":true,"is_object_key_read_only":false,"is_user_provided_path_key":true,"transfer_complete":true,"is_partitioned":false,"complete_time_ticks":1690572358064,"user_data":{},"test_doc":0,"handle":{"bucket":"watsonxaifundamentals-donotdelete-pr-lsrsglkyrlpqqd","location":"us-south","type":"bluemix_cos","key":"notebook/environment-test_2iqXN6FNd.ipynb","upload_id":"done","max_part_num":1},"usage":{"access_count":8,"last_accessor_id":"IBMid-663003P0BO","last_access_time":1690830961474,"last_updater_id":"IBMid-663003P0BO","last_update_time":1690830961474}}]}
