{"metadata":{"asset_id":"4ca943bb-79f3-4da7-b5c3-8c93d4ae7d3f","asset_attributes":["notebook"],"name":"AnnomalyDetection","asset_type":"notebook","created_at":"2023-08-11T20:07:21Z","description":"","origin_country":"us","owner_id":"IBMid-550000QKD5","project_id":"5aaadc9f-98f6-48b1-ba40-2c42ad6a4504","size":8200,"tags":["notebook"],"usage":{"last_update_time":1692290292598,"last_updated_at":"2023-08-17T16:38:12Z"}},"entity":{"notebook":{"originates_from":{"type":"blank"},"kernel":{"name":"python3","display_name":"Python 3.10","language":"python"},"runtime":{"environment":"rt222pys1-5aaadc9f-98f6-48b1-ba40-2c42ad6a4504"}},"location_definition":{"physical_location_code":"DAL","physical_location_code_assigned_by":"IBMid-663003P0BO","physical_location_code_rds_id":"c57cb90f-2126-3800-9c9f-9eab82021cdf","physical_location_code_rds_version":"00002022-0909-4162-8547-170904000000_2","physical_location_code_assignment_method":"INFERRED","physical_location_code_added_on":"1690568408816"}},"attachments":[{"id":"9388bfc4-0072-432f-8a81-4208bbc6696c","version":2,"asset_type":"notebook","name":"attachment for notebook 4ca943bb-79f3-4da7-b5c3-8c93d4ae7d3f","description":"attachment for notebook 4ca943bb-79f3-4da7-b5c3-8c93d4ae7d3f","mime":"application/json","datasource_type":"193a97c1-4475-4a19-b90c-295c4fdc6517","object_key":"notebook/AnnomalyDetection-wxnotebook__da__ikn03lme89.ipynb","creator_id":"IBMid-550000QKD5","create_time":1691784441748,"size":8200,"is_remote":false,"is_managed":false,"is_referenced":true,"is_object_key_read_only":false,"is_user_provided_path_key":true,"transfer_complete":true,"is_partitioned":false,"complete_time_ticks":1691784441748,"user_data":{},"test_doc":0,"handle":{"bucket":"watsonxaifundamentals-donotdelete-pr-lsrsglkyrlpqqd","location":"us-south","type":"bluemix_cos","key":"notebook/AnnomalyDetection-wxnotebook__da__ikn03lme89.ipynb","upload_id":"done","max_part_num":1},"usage":{"access_count":3,"last_accessor_id":"IBMid-550000QKD5","last_access_time":1692290292592,"last_updater_id":"IBMid-550000QKD5","last_update_time":1692290292592}}]}
