{"metadata":{"asset_id":"b592dfae-6151-4a7d-875e-6aaa0d793560","asset_attributes":["notebook"],"name":"rag-chromadb-flan","asset_type":"notebook","created_at":"2023-08-11T00:48:52Z","description":"","origin_country":"us","owner_id":"IBMid-663003P0BO","project_id":"5aaadc9f-98f6-48b1-ba40-2c42ad6a4504","size":69444,"tags":["notebook"],"usage":{"last_update_time":1691714933287,"last_updated_at":"2023-08-11T00:48:53Z"}},"entity":{"notebook":{"kernel":"","originates_from":{"type":"file"},"runtime":{"environment":"rt222pys1-5aaadc9f-98f6-48b1-ba40-2c42ad6a4504"}},"location_definition":{"physical_location_code":"DAL","physical_location_code_assigned_by":"IBMid-663003P0BO","physical_location_code_rds_id":"c57cb90f-2126-3800-9c9f-9eab82021cdf","physical_location_code_rds_version":"00002022-0909-4162-8547-170904000000_2","physical_location_code_assignment_method":"INFERRED","physical_location_code_added_on":"1690568408816"}},"attachments":[{"id":"7c3bfc27-5b5d-4735-9630-74acb9e063ea","version":2,"asset_type":"notebook","name":"attachment for notebook b592dfae-6151-4a7d-875e-6aaa0d793560","description":"attachment for notebook b592dfae-6151-4a7d-875e-6aaa0d793560","mime":"application/json","datasource_type":"193a97c1-4475-4a19-b90c-295c4fdc6517","object_key":"notebook/rag-chromadb-flan_p5o_2OI_7.ipynb","creator_id":"IBMid-663003P0BO","create_time":1691714933286,"size":69444,"is_remote":false,"is_managed":false,"is_referenced":true,"is_object_key_read_only":false,"is_user_provided_path_key":true,"transfer_complete":true,"is_partitioned":false,"complete_time_ticks":1691714933286,"user_data":{},"test_doc":0,"handle":{"bucket":"watsonxaifundamentals-donotdelete-pr-lsrsglkyrlpqqd","location":"us-south","type":"bluemix_cos","key":"notebook/rag-chromadb-flan_p5o_2OI_7.ipynb","upload_id":"done","max_part_num":1},"usage":{"access_count":0,"last_accessor_id":"IBMid-663003P0BO","last_access_time":1691714933286}}]}
