{"metadata":{"asset_id":"8dfec603-23b7-428b-96a3-07733e6a3e61","asset_attributes":["notebook"],"name":"YourLearning-watsonx.ai_GA","asset_type":"notebook","created_at":"2023-08-17T16:22:38Z","description":"","origin_country":"us","owner_id":"IBMid-663003P0BO","project_id":"5aaadc9f-98f6-48b1-ba40-2c42ad6a4504","size":18967,"tags":["notebook"],"usage":{"last_update_time":1692290209103,"last_updated_at":"2023-08-17T16:36:49Z"}},"entity":{"notebook":{"kernel":{"name":"python3","display_name":"Python 3.10","language":"python"},"originates_from":{"type":"blank"},"runtime":{"environment":"rt222pys1-5aaadc9f-98f6-48b1-ba40-2c42ad6a4504"}},"location_definition":{"physical_location_code":"DAL","physical_location_code_assigned_by":"IBMid-663003P0BO","physical_location_code_rds_id":"c57cb90f-2126-3800-9c9f-9eab82021cdf","physical_location_code_rds_version":"00002022-0909-4162-8547-170904000000_2","physical_location_code_assignment_method":"INFERRED","physical_location_code_added_on":"1690568408816"}},"attachments":[{"id":"d6a8975c-9b4e-409a-a602-8a19e8fe0d3a","version":2,"asset_type":"notebook","name":"attachment for notebook 8dfec603-23b7-428b-96a3-07733e6a3e61","description":"attachment for notebook 8dfec603-23b7-428b-96a3-07733e6a3e61","mime":"application/json","datasource_type":"193a97c1-4475-4a19-b90c-295c4fdc6517","object_key":"notebook/YourLearning-watsonx.ai_GA__670HJYqS.ipynb","creator_id":"IBMid-663003P0BO","create_time":1692289359297,"size":18967,"is_remote":false,"is_managed":false,"is_referenced":true,"is_object_key_read_only":false,"is_user_provided_path_key":true,"transfer_complete":true,"is_partitioned":false,"complete_time_ticks":1692289359297,"user_data":{},"test_doc":0,"handle":{"bucket":"watsonxaifundamentals-donotdelete-pr-lsrsglkyrlpqqd","location":"us-south","type":"bluemix_cos","key":"notebook/YourLearning-watsonx.ai_GA__670HJYqS.ipynb","upload_id":"done","max_part_num":1},"usage":{"access_count":6,"last_accessor_id":"IBMid-663003P0BO","last_access_time":1692290209098,"last_updater_id":"IBMid-663003P0BO","last_update_time":1692290209098}}]}
