{"metadata":{"asset_id":"820e6647-e1ff-4e56-a3b8-bc40273b20a8","asset_attributes":["notebook"],"name":"YourLearning- 06_fully_tested_latest_rag_ga ","asset_type":"notebook","created_at":"2023-08-17T16:10:45Z","description":"","origin_country":"us","owner_id":"IBMid-663003P0BO","project_id":"5aaadc9f-98f6-48b1-ba40-2c42ad6a4504","size":109065,"tags":["notebook"],"usage":{"last_update_time":1692291755361,"last_updated_at":"2023-08-17T17:02:35Z"}},"entity":{"notebook":{"kernel":{"name":"python3","display_name":"Python 3.10","language":"python"},"originates_from":{"type":"notebook","guid":"e05a6925-0c96-4c7d-88ce-c93e9f23c330"},"runtime":{"environment":"rt222pys1-5aaadc9f-98f6-48b1-ba40-2c42ad6a4504"}},"location_definition":{"physical_location_code":"DAL","physical_location_code_assigned_by":"IBMid-663003P0BO","physical_location_code_rds_id":"c57cb90f-2126-3800-9c9f-9eab82021cdf","physical_location_code_rds_version":"00002022-0909-4162-8547-170904000000_2","physical_location_code_assignment_method":"INFERRED","physical_location_code_added_on":"1690568408816"}},"attachments":[{"id":"3cc0af7e-e558-4324-b975-01ce3620e0b7","version":2,"asset_type":"notebook","name":"attachment for notebook 820e6647-e1ff-4e56-a3b8-bc40273b20a8","description":"attachment for notebook 820e6647-e1ff-4e56-a3b8-bc40273b20a8","mime":"application/json","datasource_type":"193a97c1-4475-4a19-b90c-295c4fdc6517","object_key":"notebook/06_fully_tested_latest_rag_ga_copy_ozcd39G02.ipynb","creator_id":"IBMid-663003P0BO","create_time":1692288647232,"size":109065,"is_remote":false,"is_managed":false,"is_referenced":true,"is_object_key_read_only":false,"is_user_provided_path_key":true,"transfer_complete":true,"is_partitioned":false,"complete_time_ticks":1692288647232,"user_data":{},"test_doc":0,"handle":{"bucket":"watsonxaifundamentals-donotdelete-pr-lsrsglkyrlpqqd","location":"us-south","type":"bluemix_cos","key":"notebook/06_fully_tested_latest_rag_ga_copy_ozcd39G02.ipynb","upload_id":"done","max_part_num":1},"usage":{"access_count":8,"last_accessor_id":"IBMid-663003P0BO","last_access_time":1692291755359,"last_updater_id":"IBMid-663003P0BO","last_update_time":1692291755359}}]}
