{"metadata":{"asset_id":"6c129f8a-1749-4cb3-9870-35434d283810","asset_attributes":["wx_prompt"],"name":"Films data extraction","asset_type":"wx_prompt","created_at":"2023-08-17T22:30:26Z","description":"","origin_country":"us","owner_id":"IBMid-665003718Y","project_id":"5aaadc9f-98f6-48b1-ba40-2c42ad6a4504","size":2872,"usage":{"last_update_time":1692909786120,"last_updated_at":"2023-08-24T20:43:06Z"}},"entity":{"wx_prompt":{"locked_by":"IBMid-665003718Y"},"location_definition":{"physical_location_code":"DAL","physical_location_code_assigned_by":"IBMid-663003P0BO","physical_location_code_rds_id":"c57cb90f-2126-3800-9c9f-9eab82021cdf","physical_location_code_rds_version":"00002022-0909-4162-8547-170904000000_2","physical_location_code_assignment_method":"INFERRED","physical_location_code_added_on":"1690568408816"}},"attachments":[{"id":"b00509a2-b761-4089-9ba8-fa3b36187180","version":2,"asset_type":"wx_prompt","name":"Filmsdataextraction.json","mime":"application/json","datasource_type":"193a97c1-4475-4a19-b90c-295c4fdc6517","object_key":"wx_prompt/Filmsdataextraction__da__wzxt2jbayu.json","creator_id":"IBMid-665003718Y","create_time":1692909786118,"size":2872,"is_remote":false,"is_managed":false,"is_referenced":true,"is_object_key_read_only":false,"is_user_provided_path_key":true,"transfer_complete":true,"is_partitioned":false,"complete_time_ticks":1692909786118,"user_data":{},"test_doc":0,"handle":{"bucket":"watsonxaifundamentals-donotdelete-pr-lsrsglkyrlpqqd","location":"us-south","type":"bluemix_cos","key":"wx_prompt/Filmsdataextraction__da__wzxt2jbayu.json","upload_id":"done","max_part_num":1},"usage":{"access_count":0,"last_accessor_id":"IBMid-665003718Y","last_access_time":1692909786118}}]}
