{"metadata":{"asset_id":"c9c67b13-1b0a-4d09-ba4f-57043fad6887","asset_attributes":["wx_prompt"],"name":"Text Extraction","asset_type":"wx_prompt","created_at":"2023-08-11T20:03:55Z","description":"","origin_country":"us","owner_id":"IBMid-550000QKD5","project_id":"5aaadc9f-98f6-48b1-ba40-2c42ad6a4504","size":320,"usage":{"last_update_time":1691784237501,"last_updated_at":"2023-08-11T20:03:57Z"}},"entity":{"wx_prompt":{"locked_by":"IBMid-550000QKD5"},"location_definition":{"physical_location_code_assignment_method":"INFERRED","physical_location_code":"DAL","physical_location_code_assigned_by":"IBMid-663003P0BO","physical_location_code_added_on":"1690568408816","physical_location_code_rds_version":"00002022-0909-4162-8547-170904000000_2","physical_location_code_rds_id":"c57cb90f-2126-3800-9c9f-9eab82021cdf"}},"attachments":[{"id":"ddc584f9-113d-45d2-bb13-c6cb528a0dd8","version":2,"asset_type":"wx_prompt","name":"TextExtraction.json","mime":"application/json","datasource_type":"193a97c1-4475-4a19-b90c-295c4fdc6517","object_key":"wx_prompt/TextExtraction__da__psqo0uy032.json","creator_id":"IBMid-550000QKD5","create_time":1691784236383,"size":320,"is_remote":false,"is_managed":false,"is_referenced":true,"is_object_key_read_only":false,"is_user_provided_path_key":true,"transfer_complete":true,"is_partitioned":false,"complete_time_ticks":1691784236383,"user_data":{},"test_doc":0,"handle":{"bucket":"watsonxaifundamentals-donotdelete-pr-lsrsglkyrlpqqd","location":"us-south","type":"bluemix_cos","key":"wx_prompt/TextExtraction__da__psqo0uy032.json","upload_id":"done","max_part_num":1},"usage":{"access_count":0,"last_accessor_id":"IBMid-550000QKD5","last_access_time":1691784236383}}]}
