qid	text	relevant	answers
7707	who was president when idaho became a state	1	Benjamin Harrison
8127	when did dolly parton release i will always love you	12	in 1974
3545	pro kabaddi 2017 how many matches per team	23	22
3745	when was the first airline meal served during a flight	34	1919
8519	when was the cathedral of santa maria del fiore built	45	begun in 1296::completed by 1436
6489	who sang the country version of black velvet	56	Robin Lee
852	who plays cassidy on law and order svu	67	Dean Winters
1629	who has won the 2017 asian snooker championship	79	Lyu Haotian
4641	how many stations does the jerusalem light rail have	88	23
1122	who built the kaaba stone according to the quran	99	Ibrahim and Ishmael
5555	who did chris carter play for last year	110	Milwaukee Brewers
3001	the number o f railway zones in india are	121	18
8731	what is the metaphor for self used in the katha upanishad	132	honey
308	when was the last time wikipedia was updated	143	2017 - 11 - 05
1842	when was america taken off the gold standard	154	August 15 , 1971
8059	how many episodes are there in moon lovers	165	20
749	how many unitarian universalists are there in the us	176	199,850
2003	who plays ashley on fresh prince of bel-air	187	Tatyana Marisol Ali
2630	which musical is send in the clowns from	198	A Little Night Music
6262	who were the first british settlers in america	209	the London Company
1722	what are the 2 parks at euro disney	220	Disneyland Park::Walt Disney Studios Park
2427	who sang a thousand years at the end of breaking dawn	232	Christina Perri
7343	which republicans senators are up for reelection in 2018	248	Roger Wicker::Deb Fischer::John Barrasso::Jeff Flake::Ted Cruz::Dean Heller::Orrin Hatch
7600	who was the old woman in phantom of the opera	259	Madame Giry
6654	what is the latest version of safari on mac	285	Safari 11
7627	when does jurassic world fallen kingdom comes out	296	June 22 , 2018
1236	when did the first ipod touch come out	310	September 5 , 2007
5802	when is season 6 of chicago fire coming out	321	September 28 , 2017
4258	when is the finals of americas got talent 2017	332	September 20 , 2017
3208	who played in the super bowl in 2013	343	Baltimore Ravens::San Francisco 49ers
6895	names of founding fathers of the united states	354	Thomas Jefferson::James Madison::John Jay::George Washington::John Adams::Benjamin Franklin::Alexander Hamilton
3396	when did bucharest become the capital of romania	365	1862
8272	who played the frog in gnomeo and juliet	376	Ashley Jensen
3112	who plays the daughter in garage sale mysteries	387	Eva Bourne
2656	what is the age limit for ias for sc	398	37
3026	who plays barry allen in justice league movie	409	Ezra Miller
3030	when does the new army uniform come out	421	summer 2015
6827	who wrote the song this girl is on fire	432	Alicia Keys::Salaam Remi::Billy Squier::Jeff Bhasker
3333	when is season 2 of daredevil coming to netflix	443	March 18 , 2016
961	who did the original power rangers theme song	454	Ron Wasserman
4197	when does the 12th day of christmas begin	465	25 December
7983	who does the voice of jessie on toy story	476	Joan Cusack::Mary Kay Bergman
501	what is the tallest residential building in nyc	487	432 Park Avenue
8071	when does the getaway diary of a wimpy kid come out	498	November 7 , 2017
2782	who plays candle in beauty and the beast	509	Ewan McGregor
4546	what years did jeep make a diesel grand cherokee	520	1995 -- 1998
8198	who did jeffrey dean morgan play on supernatural	531	John Eric Winchester
6113	who plays plumette in beauty and the beast 2017	542	Gugu Mbatha - Raw
4526	who is the shortest man that ever lived	554	Chandra Bahadur Dangi
3954	what does the ac in ac moore stand for	565	arts and crafts
4679	what is the current strength of lok sabha	572	545
3343	how many seconds do you have to throw a grenade	583	4 and 5 seconds
2976	who does the voice over for arrested development	594	Ron Howard
3805	who was the lead architect that designed the world trade center and when was he born	605	December 1 , 1912::Minoru Yamasaki
4986	when was the internet invented for home use	616	the late 1980s
3778	when was the bellagio in las vegas built	627	1998
4144	who dies at the end of dear john	638	Tim
2856	who is the captain of the indian football team	649	Sunil Chhetri
6806	who supported north vietnam in the vietnam war	660	the Soviet Union::China
3291	when did the 5th circuit became the 11th circuit	671	October 1 , 1981
2813	who had the highest approval rating as president	685	Kennedy
4516	who plays the daughter in santa clarita diet	696	Liv Hewson
1785	vikram samvat is official calendar of which contry	707	Nepal
2103	who sings lead on please let me wonder	718	Brian Wilson
6826	when is season 8 of total divas coming out	729	fall 2018
4569	who wrote the song there goes my everything	740	Jack Greene
6448	when was the first suitcase with wheels invented	751	at least to the 1930s
5980	which team has the most ncaa tournament appearances	769	Kentucky
5169	how many season did shaq play in the nba	780	19
400	who sings the song stuck in the middle with you	791	Stealers Wheel .
3762	who is though she be but little she is fierce about	802	Hermia
2252	what kind of meat is philly cheese steak made out of	813	beefsteak
8361	what is the seatbelt compliancy rate in texas	824	90 % and higher
4388	who played dr frank n furter in rocky horror	835	Tim Curry
4078	who does christine end up with in the phantom of the opera	846	her childhood sweetheart , Raoul
8080	who is known as a father of indian cricket	857	M. Suryanarayan
8298	where did the girl get her arm bitten off	867	Tunnels Beach , Kauai
6894	who is the chairman of the house ethics committee	878	Susan Brooks
1490	what was the purpose of the maxwell land grant	889	encouraging settlement
754	at the constitutional convention who did the delegates agree should elect the president	900	an electoral college
3374	when did apple begin to sell the lisa computer	911	January 19 , 1983
3780	how many seasons of marco polo will there be	922	two seasons
817	list of all government engineering colleges in pune	933	College of Engineering , Pune
3042	how many court of appeals are there in georgia	944	five
6157	where is game 7 of the world series played	955	Dodger Stadium
2925	who is the present chief minister of up	966	Yogi Adityanath
4228	what is the function of the proteins secreted by cells of the ventral midline of the spinal cord	977	patterning the ventral axis
3558	what country did america fight in world war 1	988	Germany::the Austro - Hungarian Empire
7011	who is the republican running for commissioner of agriculture in florida	999	Matt Caldwell
7910	which organization sets monetary policy for the united states	1010	the Federal Reserve
6036	when was the first national draft used in the united states	1021	American Civil War
4242	voice of alvin in alvin and the chipmunks	1032	Ross Bagdasarian Jr .
5786	when was the first two dollar bill issued	1043	1862
1983	what is the name of the period in japanese history that began in 1868	1054	Meiji
3996	what is the meaning of the latin word camera obscura	1065	dark room
3370	who plays katherine in vampire diaries season 8	1076	Nina Dobrev
3594	if the supreme court declares a law unconstitutional they are exercising what principle	1087	judicial review
7109	who is running for governor of virginia in 2017	1098	Cliff Hyra::Ralph Northam::Ed Gillespie
5111	who is the actress that plays summer on the young and the restless	1109	Hunter Haley King
4723	who won o'reilly auto parts 500 in 2017	1120	Jimmie Johnson
8402	who played the original mark fowler in eastenders	1131	David Timothy Scarboro
8260	what kind of animal is boots from dora	1143	anthropomorphic monkey
4892	where is the continental divide on i 70	1154	The Eisenhower Tunnel
236	leader of sikh empire who became maharajah of punjab	1165	Ranjit Singh
6795	what does pt stand for in pt boat	1176	Patrol Torpedo
4142	when was the makkah royal clock tower hotel built	1187	2012
6112	who is the singer of mumford and sons married to	1198	Carey Mulligan
4893	who played boss hogg in the dukes of hazzard	1209	Sorrell Booke
1362	harold and kumar go to white castle where was it filmed	1220	Toronto , Ontario , Canada
6639	who does the voice for maui in moana	1231	Dwayne Johnson
6348	when did fresh prince of bel air start	1242	September 10 , 1990
6836	how many episodes are in season 4 girlfriends guide to divorce	1253	6
3806	when did leeds united win the fa cup	1264	6 May 1972
6551	who is captain miller in saving private ryan	1275	Tom Hanks
5456	when did the radio became a household item	1286	mid-1922
1503	when does season 8 episode 10 of shameless air	1297	January 14 , 2018
6032	where does china girl top of the lake take place	1308	Sydney , Australia
544	who scored maximum goals in a single world cup match	1325	Oleg Salenko
8069	who makes call of duty black ops 4	1336	Treyarch
227	which country has won the world cup two years in a row	1353	Italy::Brazil
1206	who plays the girl in spider man homecoming	1364	Zendaya
8225	who became chief justice of the supreme court after serving as president	1375	William Howard Taft
3675	who was the governor of new york during 9/11	1386	George Elmer Pataki
3193	who is the captain of colombia football team	1398	Radamel Falcao
3172	who has the record for most super bowl losses	1410	Patriots::Denver Broncos
6278	what language was the epic of gilgamesh written in originally	1421	Sumerian
3498	when did the treaty of guadalupe hidalgo happen	1432	February 2 , 1848
6413	when does jessica jones season 2 come out	1443	March 8 , 2018
5604	total number of goals in the world cup 2018	1454	169
6324	who was the land of canaan named after	1465	Canaanites
3682	what part of cow does ribeye come from	1476	rib section
7500	how many countries are there in northern america	1487	23
2599	who did the allies decided to focus on defeating first after pearl harbor	1498	Nazi Germany
129	where does the pulmonary artery take blood to	1509	the lungs
7940	when was the last time canada qualified for world cup	1520	1986
970	river that joins the severn near chepstow crossword	1531	River Wye
6192	when do abby and luka get back together	1543	season 12
2774	the big bang theory season 7 ep 2	1558	`` The Deception Verification ''
6128	is a bannana a fruit or a herb	1569	fruit
516	where are the group of cells that control the natural resting heart rate found	1581	sinoatrial node
3246	who was the mayor of detroit in 1967	1592	Jerome Cavanagh
322	what is the oldest company in the dow jones index	1603	General Electric
8601	who played danny on the young and restless	1614	Michael Damian
8429	when do danny and riley get back together in season 5	1634	Ben - Semination
5965	who wrote ball and chain by social distortion	1645	Mike Ness
3416	when does thrill of it all come out	1656	3 November 2017
85	who did the lions play on thanksgiving last year	1667	Minnesota Vikings
758	when did medicare begin in the united states	1678	1966
7639	when did the new ten pound notes come out	1690	14 September 2017
1539	which mountains would you cross to travel from northern italy to switzerland	1701	The Alps
5060	what is the name of the elf queen in lord of the rings	1712	Galadriel
3340	who is the main character in liv and maddie	1723	Dove Cameron
8754	who are the top 5 leading scorers in nba history	1741	Kareem Abdul - Jabbar::Kobe Bryant::Michael Jordan::Wilt Chamberlain::Karl Malone
5596	what is the seating capacity of charlotte motor speedway	1752	171.000 - 94,000
7059	how many games have the capitals won in the playoffs	1763	two
201	who will get relegated from the premier league 2016/17	1775	Middlesbrough::Sunderland::Hull City
8156	who was the president of confederate states of america	1786	Jefferson Davis
981	who sings just shut up and dance with me	1797	Walk the Moon
1944	the person who is considered to be the founder of the paris haute couture was	1808	Charles Frederick Worth
6293	how many episodes of top of the lake china girl	1830	12
5797	how old was jackie robinson when he was a rookie	1841	28
3629	who wrote the song i dont know my name	1852	VanderWaal
2682	who voices regina in glitter force doki doki	1864	Kumiko Watanabe
2930	which us city is the game of monopoly based on	1875	Atlantic City , New Jersey
3632	when does the last episode of stuck in the middle air	1886	July 23 , 2018
8478	aurangzeb road in the heart of new delhi was re named after which personality	1897	Dr APJ Abdul Kalam
1786	what kind of meat is on a t-bone	1908	beef
8367	was originally created with a 7 bit system using 128 characters	1919	ASCII
4083	who won season ten of rupauls drag race	1930	Aquaria
1630	when did the air jordan 12 come out	1941	November 17 , 1984
1298	what episode of er does sam get kidnapped	1952	`` 21 Guns ''
4687	who sings the song say you love me	1963	Jessie Ware
2816	where does the bbc weather forecast come from	1974	MeteoGroup
5257	who is danica patrick racing for at indy	1985	Ed Carpenter Racing
3124	when does the new ep of riverdale come out	2004	January 17 , 2018
3641	population of the roman empire at its peak	2015	60 -- 70 million
4232	the only child of a president to be born in the whitehouse	2026	Esther Cleveland
235	what is the meaning of the name apoorva	2037	extraordinary::unprecedented::new
5837	who won second place in miss universe 2017	2049	Laura González
6503	who voices jimmy in f is for family	2060	Mo Collins
5545	who is the head of defence in india	2071	Sanjay Mitra
4596	who thought of the 40 hour work week	2082	James Deb
2127	who has hosted the most saturday night live shows	2096	Alec Baldwin
8687	who inspired the title of a raisin in the sun	2107	Langston Hughes
6294	when was the soil and water conservation act passed	2118	1977
5869	what is the best selling nintendo game of all time	2130	Wii Sports
5297	who sang the song how can you mend a broken heart	2141	the Bee Gees
2519	who played cory on cory in the house	2153	Kyle Massey
438	when does the new episode of arrow come out	2164	October 15 , 2018
2662	all praise is due to allah in arabic	2175	Al - ḥamdu lillāh
6398	where does pooh come from in winnie the pooh	2186	Pooh the swan
7280	when does the next season of ink master come out	2197	August 28 , 2018
54	when was the last time the 76ers went to the finals	2208	2001
212	when were the cherokees forced to move west	2219	1831 -- 1850
6172	when did the first iditarod race take place	2230	1973
2778	who is singing the national anthem at super bowl 51	2244	Luke Bryan
7732	who wrote notes on the state of virginia	2255	Thomas Jefferson
1776	when did clemson win the national championship in football	2266	1981 , 2016
3028	what award did leonardo dicaprio won for the revenant	2277	BAFTA Award::Golden Globe Award::Academy Award for Best Actor
573	who was the first test captain of india	2293	CK Nayudu
3226	who has the most saves in a season in mlb history	2304	Francisco Rodríguez
3985	who won gold in rio paraolympic high jump	2315	Mariyappan Thangavelu
5963	what was the number 1 box office motion picture for the week of christmas in december 1997	2330	Titanic
2035	when does drag race all stars 3 premiere	2341	January 25 , 2018
3297	who wrote stand up stand up for jesus	2352	George Duffield , Jr.::George James Webb
4245	korean movie about a man on an island	2363	Castaway on the Moon
5165	who has the most balks in baseball history	2374	Steve Carlton
2433	when did the us send troops to europe in ww1	2385	1917
262	when did season 6 of voltron come out	2396	June 15 , 2018
19	when were manatees put on the endangered list	2407	1966
825	how many laps around the track is 5000 m	2418	12.5
3634	what is the families last name on this is us	2430	Pearson
5074	who is the actor who plays jamie in outlander	2441	Sam Roland Heughan
1267	who won the womens afl grand final 2018	2452	Western Bulldogs
2014	what does the nz national party stand for	2463	The New Zealand National Party
1670	when did how to train a dragon come out	2474	2010
2838	phenothiazines such as chlorpromazine were the first type of	2485	antipsychotic
6340	where was the setting for friday the 13th	2496	Camp Crystal Lake
2701	what year does the movie the prestige take place	2507	1890s
1113	who has highest number of grand slams in tennis	2518	Roger Federer
794	how many episodes in lethal weapon series 3	2529	13
7247	what minute did mario gotze score in the world cup final	2540	the 113th minute
7319	who sings the song spooky little girl like you	2551	Classics IV
113	who plays lorelai in hannah montana the movie	2562	Melora Hardin
6266	when was part c of eahca passed into law	2573	1975
1962	what season of greys anatomy was the plane crash	2584	the eighth season
3158	how many states are in the continental united states	2595	48
2	where do the great lakes meet the ocean	2606	the Saint Lawrence River
95	the story idea for the yellow wallpaper was based on a civil war treatment called	2617	rest cure
4115	who won the hockey game between usa and russia	2628	the U.S. team
5880	which term means the amount of energy in a body or stream of water	2639	power
7991	who holds the 3 point record in nba	2658	Ray Allen
37	what is the horses name in never-ending story	2669	Artax
1599	when was the last time michigan was in the elite eight	2681	2018
2689	who decides where the water in the colorado river system goes	2692	Colorado River Compact
3044	where did the song god bless america originate	2703	Yaphank , New York
4587	when was the second edition of frankenstein published	2714	1823
7366	who ruled the soviet union with sole power in a regime of terror	2726	Stalin
385	who has the worst overall record in the nfl	2738	Tampa Bay Buccaneers
6358	when did the golden age of piracy end	2748	late 1720s
1619	who wrote the song bewitched bothered and bewildered	2759	Vivienne Segal
6770	who did tom brady play in his first super bowl	2770	St. Louis Rams
611	what the world needs now is love singer	2781	Jackie DeShannon
4556	where did this too shall pass come from	2792	Persian Sufi poets
7105	most road maps are what kind of map	2803	navigational map
5872	when does the second half of fear the walking dead season 4 start	2814	August 12 , 2018
3696	who developed the first alternating current electric system	2825	Nikola Tesla
7300	the second energy level can hold how many electrons	2836	eight
1172	when was last time peru went to world cup	2847	1982
3913	when was the stratosphere hotel built in las vegas	2858	1996
4364	when does the incredibles 2 come out in the us	2869	June 15 , 2018
2601	what day is national ice cream day on	2880	the third Sunday in July
2165	when did the tournament of power arc start	2958	February 5 , 2017
2113	veronica mars who does she end up with	2969	Logan Echolls
2456	what is the average income in czech republic	2980	CZK 23,859
7292	who played the joker on the original batman tv show	2991	Cesar Romero
8397	which film was the biggest box office hit of the 1960s	3009	The Sound of Music
5230	actor who played cass winthrop on another world	3020	Schnetzer
4018	who wrote the song the last full measure of devotion	3031	Robert Edward Jager
2940	the pectoralis minor is located deep to which muscle	3042	beneath the pectoralis major
2309	when was the quartering act of 1774 passed	3053	1765
2979	when did the california wildfires of 2017 start	3064	October 2017
5831	who was rebekah married to in the bible	3075	Isaac
271	who was leah married to in the bible	3086	Jacob
1646	who won the most games between the packers and the bears	3097	Packers
8685	who played wilma in the movie the flintstones	3108	Elizabeth Perkins
2683	when did fast and furious 7 start filming	3119	September 2013
5653	where did the term helter skelter come from	3130	British amusement - park ride
3661	when was france occupied by germany in ww2	3141	1940 -- 1944
6663	when did kenny join panic at the disco	3152	2015
7906	when does stefan come back to mystic falls in season 3	3185	`` Disturbing Behavior ''
4002	who made call of duty black ops 2	3196	Treyarch
2548	when is american woman going to be on	3207	June 28 , 2018
7819	when is sonu ke titu ki shaadi releasing	3218	23 February 2018
6361	who wrote it had to be you lyrics	3229	Isham Jones
6906	what is the french word for french toast	3240	pain perdu
8679	what are the names of the hunger game movies	3251	The Hunger Games
4392	distance from las vegas to red wood forest	3262	15 miles
7387	when does luke cage season 2 come to netflix	3273	June 22 , 2018
2455	the cochlea semicircular canals and vestibular sacs make up the	3284	Inner ear
4117	meaning of idiom make a mountain out of a molehill	3295	responding disproportionately to something
8696	who won the 2015 great british baking show	3306	Nadiya Hussain
1586	when was the last person executed in canada	3317	December 11 , 1962
2955	the analects have been attributed to the founder of this religion	3328	Confucianism
7798	where does the last name singh come from	3339	India
6582	what is the difference between dysphagia and odynophagia	3350	painful::difficulty
3916	what kind of series is game of thrones	3361	Fantasy::Serial drama
4740	who sings the theme tune to bulletproof on sky one	3372	Tom Grennan::Chase & Status
5374	who is the childhood prodigy who mastered the mandolin	3384	Srinivas
8383	who has scored the most goals ever in the premier league	3396	Alan Shearer
6578	who has won the most baseball world series	3407	Yogi Berra
2980	which is the microsoft hypervisor integrated in windows server 2008	3418	Hyper - V
8358	what is the name of pakistan film industry	3430	Lollywood
4627	who has the power to impeach the president constitution	3441	House of Representatives
2714	who is the mysterious neighbor in to kill a mockingbird	3452	Boo Radley
2627	who was the founder of buddhism and when was he born	3463	Gautama Buddha
7581	when did the fourth of july become a legal federal holiday	3474	In 1870
3606	who played mark on the tv show roseanne	3485	Glenn Martin Christopher Francis Quinn
3839	how many unesco world heritage sites in uk	3496	31
5959	how much did chelsea sell de bruyne to wolfsburg	3507	£ 18 million
2168	how many episodes of rick and morty will there be	3518	10 episodes
2382	how many seasons of gossip girl are there	3529	6
1658	5 largest cities by population in the us	3607	Los Angeles::New York::Chicago::Houston::Phoenix
2005	who came up with the rule no work no eat	3618	Paul the Apostle
8615	who was president when the bill of rights was added to the constitution	3629	George Washington
3142	who sang take it to the limit eagles	3640	Randy Meisner
4877	is pearl from spongebob a whale or shark	3651	a whale
1990	who plays the white queen in alice through the looking glass	3662	Anne Hathaway
1652	when did the fur trade began in canada	3673	17th century
5671	when did daylight saving start in the us	3684	March 19 , 1918
1913	what is the last comma in a series called	3695	series comma::serial comma::Harvard comma::Oxford comma
6498	most of the united states is a part of which tectonic plate	3706	North American Plate
5912	who won the most medals in 1936 olympics	3717	Germany
5131	when did kiss me kate open on broadway	3728	1948
166	the part of peripheral nerve tissue that forms the myelin sheath is the	3739	Schwann cells
7147	what year was pride and prejudice set in	3750	c. 1812
4329	who oversees and manages the central office of the federal bureau of prisons	3761	Department of Justice
892	when was god put in the pledge of allegiance	3772	Flag Day 1954
3108	the major spacecraft launching centre in south america	3783	Guiana Space Centre
2720	who was the song night shift dedicated to	3794	Jackie Wilson and Marvin Gaye
5431	when was qatar chosen for the world cup	3805	2 December 2010
6060	when was the last time the 76ers made the playoffs	3824	2017 -- 18
18	when did bat out of hell get released	3835	September 1977
2162	where were the two atomic bombs dropped in japan	3846	Hiroshima::Nagasaki
5718	who won the triple crown before american pharaoh	3857	Affirmed
1570	where did they do nuclear testing in nevada	3868	Nevada National Security Site
2538	when was the first black panther comic book written	3879	1966
3365	who played the title character he-man in the 1987 live action movie masters of the universe	3890	Dolph Lundgren
2531	when did south korea and north korea split	3901	May 1946
3824	when does walking dead season 8 episode 10 air	3920	March 4 , 2018
2676	what layer of earth do convection currents occur	3931	asthenosphere
1792	when did us currency leave the gold standard	3942	October 1976
205	when was tasmania cut off from the mainland	3953	10,000 years ago
2611	who was the first person to be legally executed using an electric chair	3964	William Francis Kemmler
3822	what was the owls name in mr rogers	3975	X the Owl
729	what do you call a group of jelly fish	3986	a bloom or a swarm
3497	when did the haves and have nots start	3997	May 28 , 2013
3195	when did senate rules change to 60 votes	4008	1975
5821	what is the capital of zamfara state in nigeria	4019	Gusau
4504	when did the first pretty little liars air	4030	June 8 , 2010
642	what type of pathogen causes ergot of rye	4041	fungus
2238	when did south africa declare war on germany	4052	September 1939
7614	who wrote the protestant ethic and the spirit of capitalism	4063	Max Weber
6863	who has won the most fa cup titles	4074	Arsenal
839	when was the last solar eclipse seen in north america	4085	August 21 , 2017
1580	where is the headquarters for the organization that maintains si standards	4096	Sèvres , France
7528	when did the us join world war one	4107	April 6 , 1917
996	when was alaska added to the united states	4118	January 3 , 1959
8179	what war is the abba song fernando about	4129	The Mexican Revolution of 1910
3753	who is hosting the fifa world cup in 2022	4140	Qatar
2913	what is the record for wins in major league baseball	4151	116
5031	who does freddie highmore play in the golden compass	4163	Pantalaimon
2234	who fought in the second sino japanese war	4174	the Empire of Japan::the Republic of China
7130	who played marlene mcfly in back to the future	4185	Michael J. Fox
2479	who appointed the current members of the supreme court	4222	George W. Bush::Bill Clinton::George H.W. Bush::Barack Obama::Donald Trump
8491	who played the tin man in the wizard of oz 1939	4233	John Joseph Haley Jr
8541	what are all the boroughs in new york	4244	Queens::Manhattan::Brooklyn::the Bronx::Staten Island
8288	who sings the song on shimmer and shine	4255	Melanie Fontana
7517	who appoints the justice of peace in sri lanka	4266	Governor General::British colonial officers::Minister of Justice
1734	who wrote an essay on the principle of population	4277	Thomas Robert Malthus
8747	big boss 2 telugu set location in hyderabad	4288	Annapurna Studios , Hyderabad
8264	a mixture that does not appear to be the same throughout is said to be	4299	heterogeneous
6300	who built kashi vishwanath temple varanasi in 16 century	4310	Raja Todar Mal
4705	how are members of congress and the senate chosen for their office	4321	elected by direct popular vote
7729	what is another name for the midwest region	4332	North Central region
3379	what us president is in the world golf hall of fame	4345	Dwight D. Eisenhower::George H.W. Bush
5497	who sings it was right on the tip of my tongue	4356	Tommy Quickly
1109	list of countries in the horn of africa	4367	Eritrea::Ethiopia::Somalia::Djibouti
7098	who wrote it is well with my soul hymn	4378	Horatio Spafford
6993	who played ice cubes daughter in 22 jump street	4389	Amber Stevens West
5226	how fast did germany take france in ww2	4400	In six weeks
3303	when was the last world cup that brazil won	4412	2002
279	what would the winner of the greek theater contest win	4423	a wreath of ivy
389	who wins at the end of friday night lights	4434	Dallas Carter High School
7268	who tells harry potter that he is a wizard in the harry potter series	4445	Rubeus Hagrid
5314	what is the 2nd most viewed video on youtube	4462	`` Shape of You ''
2413	who was the first rapper to get shot	4475	Scott La Rock
5453	what military museum is located adjacent to eglin air force base in florida	4486	Air Force Armament Museum
2473	the asteroids that cross the orbit of earth belong to a group called the	4497	Earth - crossers
7024	who was the first woman to win the academy award for best adapted screenplay	4508	Frances Marion
4302	when does the 5sos album come out 2018	4519	15 June 2018
4630	the combination of carbon and oxygen would result in what type of bond	4530	covalent
721	who played the drums on in the air tonight	4541	Phil Collins
2283	who surrendered at the battle of fort sumter	4552	Major Anderson
240	what episode of law and order was ludacris on	4563	Screwed::Venom
2340	who wrote red roses for a blue lady	4574	Sid Tepper
2964	who was executed by firing squad in utah	4585	Ronnie Lee Gardner
1716	how many working police commissionerates are there in karnataka	4596	five
4054	when is the finale for rpdr season 10	4607	June 28 , 2018
4890	who won in the battle of britain ww2	4618	Britain
2882	where is the army navy game played in 2016	4629	M&T Bank Stadium
5276	come along with me adventure time air date	4649	August 2018
808	who has won more nascar races ford or chevy	4660	Chevrolet
1484	miss world japan 2016 is a great grand child of a former chief minister of	4671	West Bengal
91	where was sir gawain and the green knight written	4682	late 14th - century
837	who used to be in the big 12	4693	University of Missouri::Texas A&M University::University of Nebraska -- Lincoln::University of Colorado Boulder
1961	where does diffusion occur in the excretory system	4704	diffusion
4343	who did the us support in the korean war	4716	South Korea
76	when was the planning commission set up to prepare a blue print of development for the country	4726	15 March 1950
8036	who are the rebels in a long way gone	4737	the RUF
3915	who was the ruler of france in 1830	4748	Louis Philippe I
4536	when was the last time the huston won the world series	4759	2005
2936	who votes to make someone a presidential party nominee	4770	delegates
3385	longest win streak in major league baseball history	4781	26
448	who pays for the building of the presidential libraries	4792	private and non-federal public sources
7087	what were shoes made of in ancient rome	4803	leather::iron hobnails
8418	who is the football player on being mary jane	4814	Jones
5392	what is the caterpillar smoking in alice in wonderland	4825	a hookah
7726	when do piper and leo have a baby	4836	15
213	when did wet n wild close las vegas	4847	2004
7396	when does twin peaks part 9 come out	4874	July 9 , 2017
1112	when did they stop making paint with lead	4885	1978
2558	where are sugars added to proteins to form glycoprotein	4896	glycation
2053	what was the spruce goose made out of	4907	almost entirely of birch
662	who plays as alvin in alvin and the chipmunks	4918	Justin Long
7043	malcolm in the middle what is their last name	4929	Wilkerson
8279	when does the new season of ink master start 2018	4940	January 9 , 2018
7534	pretty little liars in the books who is a	4951	anonymous character
5562	which is the third largest state in usa	4967	California
4222	when did the ancient chinese civilization begin and end	4978	256 BC::8500
6428	who plays captian hook in once upon a time	4989	Colin Arthur O'Donoghue
7544	when did brides start wearing white wedding dresses	5000	1840
5764	when was the last time philly won a superbowl	5012	2017
200	when did dodge caravan start stow and go	5023	2005
6090	what kind of crab are caught on deadliest catch	5034	opilio crab::king crab
6424	what is the minimun wage in washington state	5045	$15.00
6813	how much aid does us give to other countries	5056	$43.10 billion
8237	when does the movie mom and dad come out	5067	2017
7741	where did the name grizzly bear come from	5078	Meriwether Lewis and William Clark
2167	where does the name kaiser permanente come from	5089	Permanente Medical Groups::Kaiser Foundation Hospitals
8292	where was agatha christie s crooked house filmed	5100	Tyntesfield , near Bristol
6022	the negro act of 1740 was a reaction to what	5111	the Stono Rebellion in 1739
5380	how many teams go to the acc tournament	5118	15
622	when did labor day become an official federal holiday	5129	1894
8578	what is the pink character on sesame street	5158	Deena
4695	who plays jake on two and a half	5169	Angus Turner Jones
56	when did the king kong ride burn down	5180	2008
2459	what landform region is the geological foundation of canada	5191	Canadian Shield
7420	where is the tenderloin located on a cow	5202	psoas major muscle
8421	how old you have to be to drink in jamaica	5216	None
1583	who is the most successful goal scorer in the history of the eufa champions league	5227	Cristiano Ronaldo
5337	who is the oldest bank in the world	5238	Monte dei Paschi di Siena
224	who kills the main character in happy death day	5249	Lori
6574	who wrote hit me with your best shot	5260	Eddie Schwartz
3552	which artist is representative of the detroit blues style	5271	John Lee Hooker
1873	who sang better off dead in the movie better off dead	5282	E.G. Daily
2729	who played gaston in beauty and the beast 1991	5293	Richard White
7850	what does the term breaking the fourth wall mean	5304	is violated::performance convention
4050	who played the mother in ya ya sisterhood	5315	Gina McKee::Cherry Jones
653	who wrote the song i feel the earth move under my feet	5326	Carole King
5694	when did the first election held in india	5337	1951 -- 52
402	when was soccer first introduced in the olympics	5348	1900
8057	what do you call a bundle of hay	5359	bales
210	where did the practice of baptism come from	5370	Tevilah
6364	winner of the fillies triple crown in 1985 crossword clue	5381	Oh So Sharp
5156	where is oxytocin made and what is its function	5392	sexual reproduction::paraventricular nucleus::social bonding
6859	how many episodes is ray donovan season 5	5403	12
700	who played johnny fever on wkrp in cincinnati	5414	Howard Hesseman
106	when was the last time the mavericks missed the playoffs	5428	2017 -- 18
6526	who plays quita on the haves and the have nots	5439	Danielle Deadwyler
4163	when did the ottoman empire take over palestine	5451	1516
7637	who wrote the score for blade runner 2049	5462	Hans Zimmer::Benjamin Wallfisch
6136	how many levels are there in science olympiad	5473	two
6891	who wrote the music for les miserables broadway	5484	Claude - Michel Schönberg
2400	what are the two largest deserts in china	5496	Gobi Desert::Taklamakan Desert
7889	what is the mass of the planet venus	5508	4.8675 × 10 kg
5652	what is the holy book of the jewish religion	5519	Torah
3502	when did the last wooly mammoths die out	5530	4,000 years ago
6385	when did the human right act come into effect	5541	2 October 2000
2893	when did the orange is the new black start	5552	July 11 , 2013
6035	who plays dj kool herc in the get down	5563	Eric D. Hill Jr.
5814	who sang star spangled banner for super bowl	5577	Pink
7262	how many episodes of mr. robot season three	5588	10
5720	where did the bubonic plague start in europe	5599	Sicily::Pisa::Marseille
4936	who plays donald trump on saturday night live	5610	Taran Killam::Phil Hartman::Darrell Hammond::Jason Sudeikis::Alec Baldwin
4548	what are the three measurements of a woman	5621	Bust / waist / hip
5398	michael douglas morgan freeman robert de niro movie	5632	Last Vegas
6640	when does season 14 of keeping up with the kardashians	5643	October 1 , 2017
8054	when did the bmw 1 series have a facelift	5654	2011
586	when did the dollar bill come into existence	5665	1862
7278	who wrote the song lord you gave me a mountain	5676	Marty Robbins
4562	who is the original singer of where is the love	5687	Justin Timberlake::The Black Eyed Peas
403	who is number 10 for england football team	5700	Raheem Sterling
6597	what is the highest color belt in jiu jitsu	5711	red
4818	supreme court judge in international court from india	5722	Pathak
234	who wrote the song eye of the tiger	5733	Jim Peterik::Frankie Sullivan
4243	where does the money from lottery come from	5744	ticket sales
1766	where does the last name chambers come from	5755	English origin
2571	who won season 2 of master chef junior	5765	Logan Guleff
5602	who has the majority in congress right now	5776	Republican
1079	who has the most rbis in marlins history	5787	Barry Bonds
33	who have won the world cup the most times	5798	Brazil
1199	who produced cloudy with a chance of meatballs	5809	Sony Pictures Animation
2278	when did it become mandatory to have a social security number	5820	November 1935
744	what is the opposite of the prime meridian called	5831	the 180th meridian
1441	the sphincter that allows chyme to pass from the stomach into the small intestine is known as the	5842	the pyloric valve
4079	who was the greatest warrior for the trojans	5853	Hector
3459	when will the next fifty shades of grey movie be released	5864	February 9 , 2018
153	what episode in victorious is give it up	5878	Freak the Freak Out
659	who is the female lead in chitty chitty bang bang	5889	Sally Ann Howes
1341	who played bob in elvira mistress of the dark	5900	Daniel Greene
5236	what was the population of las vegas in 1960	5911	64,405
5202	where are the singers of florida georgia line from	5922	Monroe , Georgia::Ormond Beach , Florida
704	dark tower who is the man in black	5933	Randall Flagg
5432	how many eyes do orb weaver spiders have	5944	eight
6807	when did robert louis stevenson wrote his first book	5956	1883
2702	how many episodes of oak island are there in season 5	5967	18
2212	which state in india has highest birth rate	5979	Bihar
6856	what is the highest score in ice skating	5988	330.43
7211	what is the full form of c o p d	5999	Chronic obstructive pulmonary disease
7503	where do they play the cotton bowl at	6010	AT&T Stadium in Arlington
4825	when did call me by your name start filming	6021	May 9 , 2016
1180	in 2003 united states and british forces attacked the nation of	6032	Iraq
7931	where is the big boss marathi house located	6043	Lonavala
4354	where do most monkeys live in the world	6054	Southeast Asia::South and Middle America::Africa
914	what kind of beans are in an english breakfast	6065	baked beans
3660	where does the tv show this is us take place	6076	New Jersey::New York City::Los Angeles::Pittsburgh
7291	how many coaches on a college football team	6087	one
7952	who is the current chief vigilance commissioner of india	6098	Mr. K.V. Chowdary
7657	who did the steelers play in the playoffs last year	6109	Miami Dolphins::New England Patriots::Kansas City Chiefs
2996	what state has in god we trust on their license plate	6120	Florida
2606	where is lady and the tramp supposed to take place	6131	Midwestern town
3528	when was the first hand held camera invented	6142	Kazimierz Prószyński
3639	who plays barbara on girlfriends guide to divorce	6153	Retta
4778	who holds the record for most three pointers in the nba	6172	Ray Allen
4005	where do they kick the extra point from	6183	15 - yard line
1526	movie about a woman who kidnaps a writer	6194	Misery
2873	where is the board going when the plane crashes greys anatomy	6206	Boise
7232	who plays sara lance in dc legends of tomorrow	6217	Caity Lotz
6548	who sings lead on wouldnt it be nice	6228	Brian Wilson::Mike Love
1399	pitt players in the nfl hall of fame	6239	Mike Ditka::Rickey Jackson::Curtis Martin::Tony Dorsett::Chris Doleman::Dan Marino::Joe Schmidt::Russ Grimm
6038	the fast pace growth of cities is called	6250	Urbanization
1311	when did ford come out with the 6.7	6261	2010
4237	when was the system of checks and balances created	6272	1748
6762	how long did it take to travel from london to edinburgh by horse	6283	45 ⁄ hours
957	who does eminem not mention in toy soldiers	6295	Suge Knight
7133	who is the main character in shadow of mordor	6306	Talion
4951	when is the last time mayon volcano erupted	6317	January 25 , 2018
985	where are the next olympics to be held	6328	Tokyo::Beijing
8108	harry potter and the philosiphers stone release date	6339	16 November 2001
6082	what is the second movie of the pirates of the caribbean	6350	Dead Man 's Chest
242	how many episodes in got season 7 pretty little liars	6363	20
446	who made it to the world cup finals 2018	6374	Croatia::France
1168	what is the official residence of the vice president of the united states	6385	Number One Observatory Circle
1261	the largest source of electricity generation in pakistan	6396	fossil fuel
6415	what part of the internal female anatomy is self-cleaning	6407	vagina
7737	which us region has the highest poverty rate	6420	Mississippi
7781	who does elijah wood play in american dad	6431	Ethan
2861	how many episodes are in season 3 of fuller house	6442	18
475	what tv stations does sinclair own in kansas	6463	KMTW::KAAS - TV::KOCW::KSAS - TV
2623	where does the cheese go on a sandwich	6474	between two slices of bread
2790	when was the last time houston rockets were in the finals	6490	1994 -- 95
1518	who plays astrid how to train your dragon	6501	America Ferrera
1008	what state has the most shoreline in the us	6515	Alaska
7861	when did game of thrones season 7 start	6526	July 16 , 2017
755	what cheese is used to make the sicilian dessert cannoli	6537	ricotta
8454	formation of the ina was the result of the great efforts made by	6547	Subhas Chandra Bose::Mohan Singh
6647	who wrote go rest high on that mountain	6558	Vince Gill
796	when did the us prime rate last change	6571	15 - Jun - 17
5968	who plays mom on the tv series mom	6582	Allison Janney
5805	who plays caleb in seven brides for seven brothers	6593	Matt Mattox
5587	when was their eyes are watching god set	6604	the early 20th century
1476	who sang windmills of your mind in the original thomas crown affair	6616	Noel Harrison
4466	who sang got to get into my life	6627	the Beatles
7095	who is the cubs fan who caught the foul ball	6638	Steve Bartman
6013	close encounters of the third kind oscar nominations	6649	eight Oscars
6571	where do the baxters live on last man standing	6660	Denver , Colorado
3569	when did the ottoman empire take over greece	6671	1458
7771	who is the first caption of indian team	6687	CK Nayudu
1355	who baked cake on cover of let it bleed	6698	cookery writer Delia Smith
7335	how many laps in abu dhabi grand prix	6709	55
8221	when do they run the bulls in pamplona	6720	6 -- 14 July
3990	who voiced count dooku in the clone wars	6731	Corey Burton
8749	where is sperm made in the human body	6742	testicles
1287	consumption was the former name of which disease	6753	tuberculosis
6957	who wrote the song meet me in the middle	6764	Zedd::Sarah Aarons::The Monsters and the Strangerz::Grey::Jordan K. Johnson
7812	when did hpv vaccine became available in us	6775	2006
4976	who wrote the music for somewhere in time	6786	John Barry
3315	number of branches of oriental bank of commerce in india	6797	1092
1985	when does hook show up in once upon a time	6809	The Crocodile
3047	who wrote the song paint me a birmingham	6820	Gary Duffy::Buck Moore
3598	who did ed sheeran wrote nancy mulligan about	6831	William Sheeran::Anne Mulligan
5034	where does the energy to drive photosynthesis come from	6842	light energy
184	how many states in the us have the death penalty 2018	6853	31
1307	who wrote the story of the tortoise and the hare	6864	Aesop
6417	who became the leader of israel following moses death	6875	Joshua
249	who signed the 1900 buganda agreement on behalf of the british	6886	Sir Harry Johnston
4682	n. the social class between the lower and upper classes	6895	middle
8708	where is the moon located during a solar eclipse	6906	between the Sun and Earth
7359	the lowest point a stream will erode is known as	6918	Downcutting
5180	what is the most commonly used adjective in the english language	6929	one
8450	feast day of our lady of perpetual succour	6940	June 27
2883	who plays sherman in mr peabody and sherman	6951	Max Charles
3014	the dna directed synthesis of an rna molecule is called	6962	Transcription
6716	when was the office of the vice president created	6973	1787
3307	who sang the song he stopped loving her today	6984	He Stopped Loving Her Today
6752	what state in the us has the lowest education	6997	California
3473	what is the record for most strikeouts in a season by a hitter	7007	223
6719	how many episodes are in season 2 of lucifer	7018	18
731	what does dc stand for in washigton dc	7029	District of Columbia
6141	who won the presidential election in new hampshire in 2016	7040	Hillary Clinton
7644	when did the marco polo app come out	7051	2014
6302	who played richard kimble in the tv series	7057	David Janssen
3492	how many years did deion sanders play baseball	7068	nine
6446	where is an eye for an eye found in the bible	7080	Leviticus::Exodus::Deuteronomy
1277	who plays the alien bounty hunter in x files	7091	Brian Earl Thompson
8586	what is the most streamed song on youtube	7108	Despacito
2837	who made the most points in nba history	7126	Kareem Abdul - Jabbar
1142	who gave the concept of game theory first	7137	Charles Waldegrave
3442	who lead the french in the french and indian war	7148	Louis - Joseph de Montcalm
6120	when does season 3 of the expanse start on netflix	7159	2018
440	where does bacteria in the mouth come from	7171	saliva
5991	hanuman chalisa with the stars hanuman da damdaar	7182	Sneha Pandit::Taher Shabbir
2666	the country where the headquarters of the united nations is located	7193	the United States
4748	when did the united kingdom join the united nations	7204	24 October 1945
4309	how far is wharton texas from houston texas	7215	sixty miles
4283	who sang the song beauty school dropout in the movie grease	7226	Frankie Avalon
4296	who plays veronica on the haves and have nots	7236	Angela Robinson
5738	when did the battle of york town end	7246	October 19 , 1781
3948	who produced sign of the times by harry styles	7257	Tyler Johnson::Alex Salibian::Jeff Bhasker
3418	vote percentage of bjp in 2009 lok sabha election	7268	24.63
1791	where was the first north american indigenous games held	7279	Edmonton , Alberta
342	where does river benue and river niger meet	7290	Lokoja in Nigeria
1446	when was the first indian head penny made	7301	1859
8153	who played roxie hart in chicago on broadway	7312	Gwen Verdon
5324	who traded gold and slaves to build the asante kingdom	7323	Ashanti
5569	when are new episodes of troll hunters coming out	7334	2018
6563	how many languages is the book of mormon translated into	7345	110
4179	who sings the song what a beautiful name it is	7356	Hillsong Worship
6221	who won the season 11 of the voice	7367	Sundance Head
1275	who decide bill is money bill or not	7378	the House of Representatives
1898	whats the latest version of google play store	7389	8.2. 56
1198	who had a hit with house of the rising sun	7400	the Animals
5832	who plays scott granger on young and restless	7411	Daniel Hall::Blair Redford
7574	when did world war ii end in the pacific	7422	14 and 15 August 1945
5232	who plays magic in blood in blood out	7433	Victor Rivers
8195	who is the creator of star vs the forces of evil	7444	Daron Nefcy
4116	who played harmonica on the wizard black sabbath	7455	Ozzy Osbourne
5404	when was the last time georgia tech won a national championship	7466	1990
7775	which is the higest peak in the world	7503	Mount Everest
5372	who plays victor in days of our lives	7514	John Anthony Aniston
1350	when does the new season if arrow start	7525	October 12 , 2017
3060	who is the winner of gold macau open trophy competition 2017	7536	Kento Momota::Wahyu Nayaka::Yu Xiaohan::Zheng Siwei::Huang Yaqiong::Cai Yanyan::Ade Yusuf
2491	when was under god added to the pledge of alegience	7547	Flag Day in 1954
5414	who won the last triple crown in baseball	7558	Miguel Cabrera
2649	how many episodes in love hate season 1	7573	4
3782	where did the bay of pigs take place	7584	Cuba
680	who plays the mayor in blue bloods season 8	7602	Lorraine Bracco
6981	when did the united states enter world war 2 in europe	7613	December 1941
1861	who wrote the song fairytale of new york	7624	Jem Finer::Shane MacGowan
4841	who played hercules wife in the 2014 movie	7635	Irina Shayk
8458	first nobel gas in solar eclipse in india	7646	helium
5458	when was the post 911 gi bill passed	7657	June 30 , 2008
8566	when does the football transfer window open in 2018	7668	August 9
6952	who said speak softly and carry a stick	7679	Theodore Roosevelt
3523	who said the power of the pen is mightier than the sword	7690	Edward Bulwer - Lytton
3342	when did the song country roads come out	7701	April 12 , 1971
4609	when was the bull leaping bronze statue found	7712	1921
8075	when was the last time the redskins won the superbowl	7724	1991
6139	how many countries have the official language of french	7735	29
2403	most points scored by michael jordan in a playoff game	7749	63
4273	when does india receive most of the rainfall	7760	between June and October
2889	how big is 1 acre in square feet	7771	43,560 square feet
182	how many sword art online games are there	7782	Six
3861	where was my name is earl supposed to take place	7793	Camden County
8098	when was chlorine gas first used in ww1	7804	before 2 January 1915
4616	where was in the heat of the night filmed in 1967	7815	Sparta , Illinois
4917	who sings power rangers dino charge theme song	7826	Noam Kaniel
7543	where did north korea test its nuclear weapons	7842	Punggye - ri Test Site
2916	where does carbon fixation occur in c4 plants	7853	in the mesophyll cells
7892	blood is pumped from which part of the heart to the lungs	7864	right ventricle
8622	what does c v s pharmacy stand for	7875	Consumer Value Store
851	what is the first marvel movie to watch	7886	Iron Man
8301	who was involved in the fugitive slave law	7897	Southern slave - holding interests::Northern Free - Soilers
4288	what type of water is in the ocean	7908	saline water
4823	when did the united states host the last olympics	7924	2002
2658	which of the following is the slowest tempo indication adagio andante allegro vivace	7936	Adagio
7382	what episode of mr young do adam and echo kiss	7955	`` Mr. First Impression ''
8276	what is the poverty rate in the usa	7966	13.5 %
1632	what is the record for most wins in jeopardy	7977	74
6421	who played the daughter in back to the future 2	7988	Wendie Jo Sperber
7550	what episode is the family guy american dad crossover	7999	`` Hurricane ! ''
7853	when is game of thrones season 7 episode 7 releasing	8010	July 16 , 2017
8513	when did the dodgers move to la from brooklyn	8021	1957
1004	what is meaning of peepal tree in english	8032	sacred fig
7877	what do you call a person from czech republic	8043	The Czechs::the Czech people
2796	when did england last win a knock out match	8054	2006
6070	when does the new winter big brother start	8065	February 7 , 2018
8564	when was the last year the ford excursion was made	8076	2005
6298	who does the voice of hans in frozen	8087	Santino Fontana
1083	who is the governor of madhya pradesh now	8098	Anandiben Patel
7495	who did aibileen work for in the help	8105	Elizabeth Leefolt
4792	who was the ruler of the aztec empire when the spanish conquest began	8116	emperor Cuauhtemoc
2772	what is the name of the airport in ho chi minh city	8127	Tân Sơn Nhất International Airport
191	name of bad witch on wizard of oz	8138	Wicked Witch of the West
8729	who set up the first stockyard for texas cattle in abilene kansas	8149	Joseph G. McCoy
5444	who is the architect of sheikh zayed mosque	8160	Yousef Abdelky
2892	what is the most densely populated state in the country	8174	New Jersey
3444	name the current speaker of the united states house of representatives	8185	Paul Ryan
4081	when do new car year models come out	8196	late September
1177	where are the headquarters of wizards of the coast	8207	Renton , Washington
3546	when did the us recognize texas as an independent nation	8218	March 1837
2686	who is the actor that plays hagrid in harry potter	8229	Robbie Coltrane
4929	who won american idol the year jennifer hudson	8240	Fantasia Barrino
3504	where did they film the witches of eastwick	8251	Cohasset , Massachusetts
6791	when does season 2 of legion come out	8262	on April 2 , 2018
6914	who played the well walker in the walking dead	8273	Brian Hilliard
2202	who is the director of iron man 3	8284	Shane Black
1567	who does the voice of brian on family guy	8295	Seth MacFarlane
2594	when did the romans dominate the iberian peninsula	8306	27 BC
5369	who sang the theme song beauty and the beast	8317	Angela Lansbury
6344	who is going to be in the world cup final	8328	Croatia::France
2529	what is the last name of the current english royal family	8339	Mountbatten - Windsor
3605	who support swaraj party in central legislative assembly in pre independent india	8350	Gandhi 's supporters
3811	what is the hubble classification of the milky way galaxy	8361	SBb or SBc
3846	when was the english bill of rights signed	8372	16 December 1689
3959	what is the most common symptom of schizophrenia	8384	Deficits in cognitive abilities
8173	who is gloria on im dying up here	8395	Nicole Ari Parker
6193	the bidding process for the 2010 world cup involved three african countries they were south africa	8406	South Africa::Egypt::Morocco
601	what was the first bring it on movie called	8417	Bring It On
8681	who are the defending champions of champions trophy	8428	Pakistan
8484	when was the last time the dream act was introduced	8439	May 11 , 2011
3819	what is the name of the first book of the new testament in the bible	8450	Matthew
6611	when did the first amendent of the indian constitution carried out	8461	1951
3693	who plays the female doctor in doctor strange	8472	Rachel McAdams
493	what is the population of detroit lakes minnesota	8483	8,569
3586	who is one of the first german composers that we know about	8495	Adam von Fulda
1	how many pages is invisible man by ralph ellison	8506	581 ( second edition )
5082	who founded missions on the west coast of america	8517	Spanish
5141	where was sex and the city 2 filmed	8528	Sidi Kaouki::New York City::Morocco::Amanjena
2229	what is the legal age for drinking alcohol in usa	8539	21
6621	when did the cold war between russia and america start	8550	1947
6040	who does chris griffin voice on family guy	8561	Seth Green
6698	who was the president when the national anthem was written	8572	President James Madison
3302	who wrote the lyrics to the greatest showman	8583	John Debney::Joseph Trapanese
6985	who did mr drummond marry on diff'rent strokes	8594	Maggie
2888	crossword clue 19th century novelist who created barsetshire	8605	Anthony Trollope
6740	where did the rockefeller tree come from 2014	8613	Danville , PA
105	who sang the song i love to love	8624	Tina Charles
3107	when did labrador become a part of newfoundland	8635	1809
7385	what is the minimum age to become the president of india	8646	35
5620	who wrote it only takes a minute girl	8657	Dennis Lambert::Brian Potter
2618	what is a natural source of salicylic acid	8668	willow tree
367	who did we fight against in world war 2	8680	Japan::Italy::Germany
2462	when was the last steam train used in uk	8691	11 August 1968
3415	when did the new tax cuts go into effect	8702	January 1 , 2018
5087	who wrote the seven commandments in animal farm	8713	Snowball and Napoleon
8040	when was show me the way to go home written	8724	1925
6470	who has the most world series wins in mlb history	8735	New York Yankees
4181	where does the monarch butterfly go in the winter	8746	central Mexico
4314	who speaks in the beginning of pound cake	8757	Jimmy Smith
1799	when does daylight savings time end in colorado	8768	first Sunday in November
1965	how much did the new tappan zee bridge cost	8780	$3.9 billion
2036	when is the next spongebob movie coming out	8791	July 22 , 2020
6648	who got to the lakers first shaq or kobe	8803	Kobe Bryant
2184	where do they move to in cheaper by the dozen	8815	Evanston , IL
6305	when does olivia come back to her universe	8841	Entrada
964	who has covered the first cut is the deepest	8852	Rod Stewart ( 1977 )::Keith Hampshire ( 1973 )::Sheryl Crow ( 2003 )::P.P. Arnold ( 1967 )
7007	when did season 5 of bates motel come out on netflix	8863	February 20 , 2017
1597	when did the show last man standing start	8874	October 11 , 2011
1762	who played bass on and justice for all	8885	Jason Newsted
3591	who is the chess champion of the world	8896	Magnus Carlsen
5658	who did southern democrats run for president under the newly formed dixiecrat party in 1948	8907	Strom Thurmond
5160	upon which document in american history is the language of the declaration of sentiments based	8918	United States Declaration of Independence
4106	bambi love and hip hop atlanta real name	8929	Adizia Benson
7093	when did kareem abdul jabbar reach 30000 points	8944	1983 -- 84
2639	what kind of dogs are in game of thrones	8955	Northern Inuit dogs
1018	zen and the art of motorcycle maintenance bikes	8966	CB77 Super Hawk
621	who has the tiger in the walking dead	8977	Ezekiel
4599	who holds the record for most one day international wickets	8988	South Africa
5822	who won the stanley cup finals this year	8999	Washington Capitals
7773	when did monica and chandlers wedding episode air	9010	May 17 , 2001
5808	our growth is done through what cell process	9021	Metabolism
1547	what year did the first friends episode air	9032	1994
1604	when did thirteen reasons why season 1 come out	9043	March 31 , 2017
6025	which part of the ocean is the deepest	9054	Mariana Trench
1819	when did texas become part of united states	9065	1845
7213	who plays chad on sonny with a chance	9076	Sterling Knight
3499	who wrote the song if i ruled the world	9087	Leslie Bricusse::Cyril Ornadel
3057	what were the seven ancient wonders of the world	9097	Colossus of Rhodes::Great Pyramid of Giza::Temple of Artemis::Lighthouse of Alexandria::Mausoleum at Halicarnassus::Hanging Gardens::Statue of Zeus
2859	who wrote the book one flew over the cuckoo nest	9108	Ken Kesey
2315	where are faeces formed in the human body	9119	small intestine
7428	what is the last season of beauty and the beast	9130	fourth
6869	how many episodes in meteor garden 2018 season 1	9141	50
6754	who is the statue of standing on the corner in winslow arizona	9152	Glenn Frey
577	what was the name of bangladesh before independence	9163	East Pakistan
3456	when did the food stamp card come out	9174	the late 1990s
1228	who created the declaration of rights of man	9185	Honoré Mirabeau::Lafayette::Thomas Jefferson
4850	what color is the line in jack on a computer	9197	Light blue::Pink
480	what are the two most successful teams in spains soccer clubs	9208	Real Madrid::Barcelona
3074	when did jeep start making 4 door wranglers	9219	The 2007 model year
5411	who sings it all started with a beer	9230	Frankie Ballard
6515	where does google maps get its satellite images from	9241	satellites::aircraft
3432	age 21 became the uniform legal drinking age across the us in	9252	July 17 , 1984
5996	who is the fbi agent in the wolf of wall street	9263	Patrick Denham
8700	what episode of dark angel is jensen ackles in	9280	Pollo Loco
2233	who won worst cooks in america celebrity edition 2016	9291	Nick Slater
5680	what is the state capitol of new mexico	9302	Santa Fe
7690	who wrote the song the cowboy rides away	9313	Casey Kelly::Sonny Throckmorton
7275	where is west shamokin high school in pa	9324	in Rural Valley
5304	when does damon and elena finally get together	9337	season 8
7409	how many games did france play in world cup	9349	6
1511	when did california became part of the union	9360	September 9 , 1850
6064	what is the head of a jail called	9371	warden
7779	who plays stella in how i met your mother	9382	Sarah Chalke
6505	how many american troops died in the korean war	9393	2,830 non-battle deaths::33,686 battle deaths
1470	the atlantoaxial joint is an example of what type of joint	9404	a pivot joint
578	who plays the queen on game of thrones	9415	Headey
5975	who sings i like it like that with cardi b	9426	J Balvin::Bad Bunny
2690	who plays cyrus in when calls the heart	9437	Spencer Drever
7012	who has the most touchdowns of all time	9448	Jerry Rice
2907	the south carolina exposition and protest was published in response to the	9459	Tariff of 1828
2163	how many seats in rajya sabha in assam	9470	6
5145	when is the next episode of lucifer coming out	9502	April 16 , 2018
6381	who sings just give me some kind of sign girl	9513	Brenton Wood
4984	what major league baseball player has the most world series rings	9524	Yogi Berra
1098	how much is the path train to jersey city	9535	$2.75
5729	who is considered as the father of geometry	9546	Euclid
6246	who plays the dad in the quiet place	9557	John Krasinski ,
1493	who stars in the new movie breaking in	9568	Gabrielle Union::Billy Burke
8256	who played seven of nine on star trek voyager	9579	Jeri Lynn Ryan
3447	where does the ophthalmic nerve exit the skull	9590	superior orbital fissure::nasal bones::anterior ethmoidal foramen::supraorbital notch
52	who does the voice for love island australia	9601	Eoghan McDermott
772	who does sam end up with on glee	9612	Mercedes
6840	who is the governor of jammu and kashmir present	9623	Satya Pal Malik
3766	who forged the ring in lord of the rings	9633	Sauron the Dark Lord
6936	when did they build the empire state building	9644	1931
4654	who was the first woman awarded the nobel peace prize	9660	Bertha von Suttner
2055	in 2011 what was the dominant source of energy in the world	9671	coal
6604	who served as pm of india for longest duration	9682	Jawaharlal Nehru
5422	when did humans begin to live in permanent settlements	9693	around 17,000 BC
6467	which type of cancer has the poorest prognosis	9704	Diffuse Intrinsic Pontine Glioma
3493	who performed at the champions league final 2018	9715	Jamaican rapper Sean Paul::English singer Dua Lipa
6154	who was the writer for the force awakens	9726	Lawrence Kasdan::Michael Arndt::J.J. Abrams
2358	who does barry allen marry in the flash comics	9737	Iris
1579	when did ben rectors new album come out	9748	June 2018
7170	who owns the rights to amos and andy	9759	CBS
2196	who does the song rock you like a hurricane	9770	Scorpions
1697	what language do they speak in meteor garden 2018	9782	Mandarin
8465	what cover-up is the movie the post about	9793	the Pentagon Papers
119	how much does an arleigh burke destroyer cost	9806	US $1.843 billion
6425	when is the last time the astros went to the world series	9817	2017
1226	when did european cup become uefa champions league	9828	1992
226	one hundred thousand is equal to how many lakhs	9839	one
7965	who wrote the song one is the loneliest number	9850	Harry Nilsson
7029	who plays the demon in once more with feeling	9861	Hinton Battle
3330	where were the pilgrims originally bound a. pennsylvania b. massachusetts c. virginia d. new york	9873	Massachusetts
4277	where does the name du plessis come from	9884	Afrikaans
515	where did the craters on the moon come from	9895	impacts
3691	where is the screen actors guild awards being held	9906	Shrine Exposition Center
215	what is the fastest roller coaster in california	9917	Formula Rossa
1094	where was season 4 of jersey shore filmed	9928	Florence , Italy
1410	when did they start to build the great wall of china	9939	771 -- 476 BC
2713	who is the goddess of the moon in greek mythology	9950	Selene
668	who holds the record for the most wimbledon titles	9962	Roger Federer
2622	what type of reaction is the rusting of iron	9973	electrochemical
1513	who played samwise gamgee in the lord of the rings	9984	Sean Patrick Astin
8319	who is the winner of rising stars season 2	9995	Hemant Brijwasi
8359	what color wizards are in lord of the rings	10006	sea - blue::grey::brown::white
8328	who produced age aint nothing but a number	10017	R. Kelly
2687	when is episode 13 of attack on titan season 2 coming out	10042	April 22 , 2017
4455	who wrote if i never sing another song	10053	Don Black
6821	who played bass for crosby stills nash and young	10064	Greg Reeves
6234	who won the popular vote in the 2017 election	10075	Hillary Clinton
2041	when did toyota start selling cars in the us	10086	early 1980s
4797	how many colleges or universities are in the united states	10097	4,627
5021	who is the coach of the cincinnati bearcats	10108	Luke Fickell
6577	who does finn wolf hard play in stranger things	10119	Mike Wheeler
3543	when does the new royal liverpool hospital open	10130	the Summer of 2018
1347	where did the idea of representative democracy come from	10141	The Roman Republic
1158	who hosts the ball drop in times square	10152	Ryan Seacrest and Jenny McCarthy
3775	what is the lining of the mouth called	10163	oral mucosa
5302	who played mon mothma in return of the jedi	10174	Caroline Blakiston
7870	how many parts are in the waco series	10185	six
7037	what kind of wood is used for pinewood derby cars	10196	pine
1671	a promise in exchange for a promise is an example of	10207	contract
2532	where do the flyers play their home games	10218	Wells Fargo Center
4421	when do new episodes of bill maher air	10229	January 20 , 2017
6028	who was the original singer of me and mrs jones	10240	Billy Paul
5383	when did south africa hold the world cup	10252	2010
1845	when is the next modern family episode airing	10265	May 2 , 2018
1644	who played alice in a league of their own	10276	Renée Coleman
1955	who wrote give me a home among the gum trees	10287	Wally Johnson
2050	who played jill abbott on the young and the restless	10298	Bond Gideon ( 1980 )
351	who was the lead actor in movie toile ek prem katha	10309	Akshay Kumar
335	when was the last western roman emperor overthrown	10320	31 October AD 475
6972	who has won the most super bowl wins	10332	The Pittsburgh Steelers
1828	when does toby come back to the office	10344	midway through season 5
5330	which country was the first to land on the moon	10355	Soviet Union
5571	how many teams havent won the stanley cup	10366	13
3584	who narrates the hitchhiker guide to the galaxy	10377	Peter Jones
5399	where was the first successful english colony located	10388	Jamestown
7202	number of cities and towns in rhode island	10399	8 cities::31 towns
5190	what are the names of the 7 deadly sins	10410	lust::envy::wrath::gluttony::greed::pride::sloth
5371	when do the 2018 stanley cup playoffs end	10421	June 7 , 2018
8618	where are the members of the rolling stones from	10432	London , England
3764	what bodies of water surround cabo san lucas	10443	the Pacific Ocean::the Gulf of California
1304	where does something old something new something borrowed something blue come from	10454	Lancashire
6941	where does most of the chicken in the us come from	10465	closer to major cities
8490	who won the 100 years war france or england	10477	French victory
2173	who were the original members of the monkees	10488	Peter Tork::Micky Dolenz::Michael Nesmith
2395	who does fresno state play in the bowl game	10503	Houston Cougars
6825	how many episodes in season 2 sex and the city	10514	18
460	when does pam get pregnant for the second time	10525	beginning of Season 8
2679	which economic system relies on the interaction of buyers and sellers	10536	A market system
2555	when does the afc west play the nfc west	10547	2018
3510	how many albums has taylor swift sold overall	10558	over 40 million albums
5283	who was the first english mathematician who first used the modern symbol of quality in 1557	10569	Robert Recorde
6395	where do calluses on your feet come from	10580	pressure::repeated friction::other irritation
6708	who won the 1995 rugby world cup final	10591	South Africa
